"","gene_symbol","ave.exp","cluster","condition"
"1","Dst",1.81963121554959,"Excitatory.neurons","5X"
"2","Gls",1.84255848610843,"Excitatory.neurons","5X"
"3","Sf3b1",1.80543038723713,"Excitatory.neurons","5X"
"4","Map2",2.19230665462463,"Excitatory.neurons","5X"
"5","Unc80",1.8039256912359,"Excitatory.neurons","5X"
"6","R3hdm1",2.77054205896725,"Excitatory.neurons","5X"
"7","Atp1b1",2.45934038583366,"Excitatory.neurons","5X"
"8","Hnrnpu",2.06085921335672,"Excitatory.neurons","5X"
"9","Celf2",3.10011696470663,"Excitatory.neurons","5X"
"10","Grin1",2.09011208057881,"Excitatory.neurons","5X"
"11","Sptan1",1.77853079529472,"Excitatory.neurons","5X"
"12","Lrp1b",1.93407808483516,"Excitatory.neurons","5X"
"13","Scn2a",1.76759656624501,"Excitatory.neurons","5X"
"14","Chn1",1.81462938958676,"Excitatory.neurons","5X"
"15","Slc1a2",1.82293062740045,"Excitatory.neurons","5X"
"16","Snap25",2.67049146800081,"Excitatory.neurons","5X"
"17","Rbm39",2.36655368197441,"Excitatory.neurons","5X"
"18","Snhg11",5.05257469118642,"Excitatory.neurons","5X"
"19","C230004F18Rik",1.95502807692521,"Excitatory.neurons","5X"
"20","Ogt",1.99347919591013,"Excitatory.neurons","5X"
"21","Gpm6b",1.85786715398239,"Excitatory.neurons","5X"
"22","Tnik",1.77001525573855,"Excitatory.neurons","5X"
"23","Ttc14",2.42710861500283,"Excitatory.neurons","5X"
"24","Dclk1",2.38169477524512,"Excitatory.neurons","5X"
"25","Gria2",3.24794147252868,"Excitatory.neurons","5X"
"26","Ank2",2.64627387693146,"Excitatory.neurons","5X"
"27","Ppp3ca",1.76419678646317,"Excitatory.neurons","5X"
"28","Fubp1",1.79180159202597,"Excitatory.neurons","5X"
"29","Zranb2",2.1888743130675,"Excitatory.neurons","5X"
"30","Srsf11",2.30649484289725,"Excitatory.neurons","5X"
"31","Lrrc7",2.13845822705743,"Excitatory.neurons","5X"
"32","Pnisr",2.4392460833484,"Excitatory.neurons","5X"
"33","Ptprd",3.27327012235906,"Excitatory.neurons","5X"
"34","Atp6v0b",2.5708506994199,"Excitatory.neurons","5X"
"35","Macf1",1.99319526435892,"Excitatory.neurons","5X"
"36","Sfpq",1.82415948242136,"Excitatory.neurons","5X"
"37","Rsrp1",2.54105354209634,"Excitatory.neurons","5X"
"38","Cacna2d1",1.77415903358609,"Excitatory.neurons","5X"
"39","Kcnip4",2.19824413852182,"Excitatory.neurons","5X"
"40","Epha5",2.13728073088685,"Excitatory.neurons","5X"
"41","Miat",2.00197253739555,"Excitatory.neurons","5X"
"42","Cttnbp2",1.89734911741524,"Excitatory.neurons","5X"
"43","Luc7l2",2.51161713996156,"Excitatory.neurons","5X"
"44","Tra2a",1.86835458903163,"Excitatory.neurons","5X"
"45","Tia1",1.9288741833107,"Excitatory.neurons","5X"
"46","Atp2b2",1.89417762019159,"Excitatory.neurons","5X"
"47","Grin2b",2.37125399858606,"Excitatory.neurons","5X"
"48","Peg3",1.94458950968076,"Excitatory.neurons","5X"
"49","Atp1a3",2.33995662934362,"Excitatory.neurons","5X"
"50","Snrnp70",2.62568188004061,"Excitatory.neurons","5X"
"51","Nav2",1.8440806598521,"Excitatory.neurons","5X"
"52","Grm5",1.78533015383167,"Excitatory.neurons","5X"
"53","Dlg2",2.09725482812743,"Excitatory.neurons","5X"
"54","Fus",2.3888772555994,"Excitatory.neurons","5X"
"55","Kcnq1ot1",2.73839650921868,"Excitatory.neurons","5X"
"56","Syne1",2.03344779395101,"Excitatory.neurons","5X"
"57","Ahi1",2.55230998502003,"Excitatory.neurons","5X"
"58","Ank3",2.10249719368451,"Excitatory.neurons","5X"
"59","Anks1b",1.92900590332153,"Excitatory.neurons","5X"
"60","Atp2b1",2.61117639932084,"Excitatory.neurons","5X"
"61","Syt1",3.18716443943255,"Excitatory.neurons","5X"
"62","Dlgap2",1.90637786401359,"Excitatory.neurons","5X"
"63","Csmd1",2.39250987705038,"Excitatory.neurons","5X"
"64","Sorbs2",2.23101018975382,"Excitatory.neurons","5X"
"65","Gpm6a",1.80135232932263,"Excitatory.neurons","5X"
"66","Kcnma1",1.84009691436681,"Excitatory.neurons","5X"
"67","Erc2",1.75282503955222,"Excitatory.neurons","5X"
"68","Slc22a17",1.81846826347982,"Excitatory.neurons","5X"
"69","Mir124a-1hg",2.34331685224046,"Excitatory.neurons","5X"
"70","Pcdh9",1.81422817569107,"Excitatory.neurons","5X"
"71","Mycbp2",2.11984505799224,"Excitatory.neurons","5X"
"72","Opcml",2.4154363085291,"Excitatory.neurons","5X"
"73","Nptn",1.8772994963716,"Excitatory.neurons","5X"
"74","Herc1",1.76958018987793,"Excitatory.neurons","5X"
"75","Rbm5",1.76093745676229,"Excitatory.neurons","5X"
"76","Trank1",1.9140366346009,"Excitatory.neurons","5X"
"77","Arpp21",2.83781056753385,"Excitatory.neurons","5X"
"78","Nktr",2.09505682631429,"Excitatory.neurons","5X"
"79","9530059O14Rik",1.90531777265597,"Excitatory.neurons","5X"
"80","Sptbn1",1.78400759345058,"Excitatory.neurons","5X"
"81","Luc7l3",1.8897777725016,"Excitatory.neurons","5X"
"82","Atp6v0a1",1.81995113877375,"Excitatory.neurons","5X"
"83","Mapt",1.84220171270993,"Excitatory.neurons","5X"
"84","Baiap2",1.78923643228671,"Excitatory.neurons","5X"
"85","Ryr2",1.86659773383961,"Excitatory.neurons","5X"
"86","Phactr1",2.19046065076172,"Excitatory.neurons","5X"
"87","Ntrk2",1.97623979697314,"Excitatory.neurons","5X"
"88","Mef2c",2.33500525926269,"Excitatory.neurons","5X"
"89","Map1b",1.97961230210149,"Excitatory.neurons","5X"
"90","Myt1l",1.78845419649845,"Excitatory.neurons","5X"
"91","Nrcam",2.16853288199598,"Excitatory.neurons","5X"
"92","Rtn1",2.43267045721887,"Excitatory.neurons","5X"
"93","Rbm25",1.92202900510512,"Excitatory.neurons","5X"
"94","Nrxn3",2.09308417474216,"Excitatory.neurons","5X"
"95","Meg3",5.38199355244016,"Excitatory.neurons","5X"
"96","Phf20l1",1.8964601560118,"Excitatory.neurons","5X"
"97","Kif21a",1.76975706900101,"Excitatory.neurons","5X"
"98","Grin2a",2.13896468061171,"Excitatory.neurons","5X"
"99","Abcc5",1.81098627204614,"Excitatory.neurons","5X"
"100","Kalrn",2.4442024823856,"Excitatory.neurons","5X"
"101","Cadm2",2.35889155701382,"Excitatory.neurons","5X"
"102","App",2.40360816229141,"Excitatory.neurons","5X"
"103","Son",2.06692992199401,"Excitatory.neurons","5X"
"104","Ttc3",2.60933619645421,"Excitatory.neurons","5X"
"105","Srrm2",2.49469682810038,"Excitatory.neurons","5X"
"106","Gm26917",2.74979413760652,"Excitatory.neurons","5X"
"107","Gm42418",3.14327046724725,"Excitatory.neurons","5X"
"108","Ptprs",2.14614866326512,"Excitatory.neurons","5X"
"109","Dlgap1",2.48466506892109,"Excitatory.neurons","5X"
"110","Nrxn1",2.49243334137221,"Excitatory.neurons","5X"
"111","Celf4",1.88829705823077,"Excitatory.neurons","5X"
"112","Camk2a",2.42816807657474,"Excitatory.neurons","5X"
"113","Tcf4",2.05922307796643,"Excitatory.neurons","5X"
"114","Malat1",6.57992469556545,"Excitatory.neurons","5X"
"115","Rtn3",1.9887048675892,"Excitatory.neurons","5X"
"116","AC149090.1",2.45742846361207,"Excitatory.neurons","5X"
"117","Dst",1.87900078641925,"Interneurons","5X"
"118","Sf3b1",1.78032836648446,"Interneurons","5X"
"119","Map2",2.03396266474754,"Interneurons","5X"
"120","Pam",1.80870942971823,"Interneurons","5X"
"121","Atp1b1",3.23981423069121,"Interneurons","5X"
"122","Hnrnpu",1.98442968059535,"Interneurons","5X"
"123","Celf2",1.84972986235876,"Interneurons","5X"
"124","Etl4",1.81661419449765,"Interneurons","5X"
"125","Grin1",1.92260467411862,"Interneurons","5X"
"126","Scn1a",1.85094068766286,"Interneurons","5X"
"127","Gad1",1.88681231769806,"Interneurons","5X"
"128","Snap25",2.23047590977519,"Interneurons","5X"
"129","Rbm39",2.41724895469647,"Interneurons","5X"
"130","Snhg11",5.3236212574082,"Interneurons","5X"
"131","Syp",1.76416938606257,"Interneurons","5X"
"132","Pcsk1n",2.03380661746495,"Interneurons","5X"
"133","Ogt",2.1716618866707,"Interneurons","5X"
"134","5330434G04Rik",2.34588607795476,"Interneurons","5X"
"135","Ttc14",2.3601997264946,"Interneurons","5X"
"136","Dclk1",1.77663628473835,"Interneurons","5X"
"137","Gria2",2.89206908033197,"Interneurons","5X"
"138","Syt11",1.87637973573789,"Interneurons","5X"
"139","Sv2a",1.77783720399163,"Interneurons","5X"
"140","Ank2",2.42618948245724,"Interneurons","5X"
"141","Zranb2",2.25095198567836,"Interneurons","5X"
"142","Srsf11",2.17518181031767,"Interneurons","5X"
"143","Pnisr",2.33549696619018,"Interneurons","5X"
"144","Sgip1",1.88074999741453,"Interneurons","5X"
"145","Atp6v0b",2.50903258665767,"Interneurons","5X"
"146","Macf1",2.1264224317705,"Interneurons","5X"
"147","Rsrp1",2.61176659821685,"Interneurons","5X"
"148","Pclo",1.7777444108805,"Interneurons","5X"
"149","Epha5",1.9313715964488,"Interneurons","5X"
"150","Cit",1.76944434689576,"Interneurons","5X"
"151","Luc7l2",2.53908921084892,"Interneurons","5X"
"152","Tra2a",1.97845314312111,"Interneurons","5X"
"153","Hnrnpa2b1",1.86803958644897,"Interneurons","5X"
"154","Tia1",1.9575646951716,"Interneurons","5X"
"155","Aak1",1.77601109449298,"Interneurons","5X"
"156","Slc6a1",2.05990921181454,"Interneurons","5X"
"157","Grin2b",2.09587862442553,"Interneurons","5X"
"158","Peg3",2.43754496623496,"Interneurons","5X"
"159","Atp1a3",2.83354860825124,"Interneurons","5X"
"160","Snrnp70",2.65693010378684,"Interneurons","5X"
"161","Kcnc1",2.09116182585183,"Interneurons","5X"
"162","Nav2",1.78436929300779,"Interneurons","5X"
"163","Dlg2",1.8513851250731,"Interneurons","5X"
"164","Fus",2.39378341790915,"Interneurons","5X"
"165","Kcnq1ot1",2.58089932752552,"Interneurons","5X"
"166","Syne1",1.94761938925845,"Interneurons","5X"
"167","Ahi1",2.29240010335493,"Interneurons","5X"
"168","Psap",1.9734002980254,"Interneurons","5X"
"169","Ank3",2.00914490415666,"Interneurons","5X"
"170","Atp2b1",1.76358263280367,"Interneurons","5X"
"171","Syt1",3.26696689574992,"Interneurons","5X"
"172","Csmd1",1.89429768678618,"Interneurons","5X"
"173","Gpm6a",1.75502270523798,"Interneurons","5X"
"174","Tecr",1.93471070657432,"Interneurons","5X"
"175","Ndrg4",1.74912643742721,"Interneurons","5X"
"176","Slc22a17",1.9542913430483,"Interneurons","5X"
"177","Mir124a-1hg",2.50207175265586,"Interneurons","5X"
"178","Itm2b",1.76615833275572,"Interneurons","5X"
"179","Mycbp2",2.0306490794841,"Interneurons","5X"
"180","Gria4",1.84830353398493,"Interneurons","5X"
"181","Opcml",2.06134168057169,"Interneurons","5X"
"182","Aplp2",2.05404645044305,"Interneurons","5X"
"183","Kmt2a",1.81695697623608,"Interneurons","5X"
"184","Ncam1",1.821957589852,"Interneurons","5X"
"185","Nptn",1.80489683007157,"Interneurons","5X"
"186","Nktr",2.11943957326168,"Interneurons","5X"
"187","Gria1",1.80221064657362,"Interneurons","5X"
"188","Atp6v0a1",1.82373332107125,"Interneurons","5X"
"189","Ntrk2",2.14352009133849,"Interneurons","5X"
"190","Mef2c",1.92849720722459,"Interneurons","5X"
"191","Map1b",1.79723740729773,"Interneurons","5X"
"192","Rtn1",2.44402003484856,"Interneurons","5X"
"193","Rbm25",1.90575486297431,"Interneurons","5X"
"194","Nrxn3",2.51237229287105,"Interneurons","5X"
"195","Meg3",5.66868705682947,"Interneurons","5X"
"196","Phf20l1",1.84122194936792,"Interneurons","5X"
"197","Ly6h",1.77589889929473,"Interneurons","5X"
"198","Kif21a",1.82086122163985,"Interneurons","5X"
"199","Rbfox1",1.80450314954298,"Interneurons","5X"
"200","Abcc5",1.76757675530474,"Interneurons","5X"
"201","Lsamp",2.25828433216786,"Interneurons","5X"
"202","Cadm2",1.95381409707012,"Interneurons","5X"
"203","App",2.73574878650468,"Interneurons","5X"
"204","Son",1.91845429731789,"Interneurons","5X"
"205","Ttc3",2.73332389059883,"Interneurons","5X"
"206","Srrm2",2.51150136375579,"Interneurons","5X"
"207","Atp6v0c",1.99808035056154,"Interneurons","5X"
"208","Gm26917",2.51790353645198,"Interneurons","5X"
"209","Gm42418",3.24281730162894,"Interneurons","5X"
"210","Ptprs",2.06042549946905,"Interneurons","5X"
"211","Dlgap1",2.79150315032197,"Interneurons","5X"
"212","Nrxn1",2.05300650986761,"Interneurons","5X"
"213","Ndfip1",1.85397191415308,"Interneurons","5X"
"214","Tcf4",2.9475873287923,"Interneurons","5X"
"215","Malat1",6.22127046380815,"Interneurons","5X"
"216","Rtn3",2.213870486756,"Interneurons","5X"
"217","AC149090.1",2.09131258629265,"Interneurons","5X"
"218","Prex2",2.3369037207831,"Astrocytes","5X"
"219","Acsl3",3.0499954240064,"Astrocytes","5X"
"220","Serpine2",2.1374858843946,"Astrocytes","5X"
"221","Gpr37l1",3.02066502062555,"Astrocytes","5X"
"222","Glul",3.23901830344984,"Astrocytes","5X"
"223","Prdx6",2.6128752107109,"Astrocytes","5X"
"224","Atp1a2",4.08047260062539,"Astrocytes","5X"
"225","Slc1a2",4.75267595632539,"Astrocytes","5X"
"226","Prnp",2.33461557576396,"Astrocytes","5X"
"227","Cst3",3.69758510323226,"Astrocytes","5X"
"228","Rbm39",2.26953137061942,"Astrocytes","5X"
"229","Tspan7",2.67180248683362,"Astrocytes","5X"
"230","Ogt",2.14049004783982,"Astrocytes","5X"
"231","Sat1",2.4238987808594,"Astrocytes","5X"
"232","Gpm6b",2.81977122971689,"Astrocytes","5X"
"233","Tnik",2.01627664760214,"Astrocytes","5X"
"234","Ttc14",2.21130648255562,"Astrocytes","5X"
"235","Dclk1",3.24230871208869,"Astrocytes","5X"
"236","Gria2",2.96982754140304,"Astrocytes","5X"
"237","Bcan",3.04826659995069,"Astrocytes","5X"
"238","Gm3764",3.12456799708424,"Astrocytes","5X"
"239","S1pr1",2.31387183452273,"Astrocytes","5X"
"240","F3",2.27070849128721,"Astrocytes","5X"
"241","Ank2",2.9334897394214,"Astrocytes","5X"
"242","Pnisr",2.76467390327236,"Astrocytes","5X"
"243","Plpp3",3.26907834948461,"Astrocytes","5X"
"244","Macf1",2.95071764598908,"Astrocytes","5X"
"245","Rsrp1",2.70090182571699,"Astrocytes","5X"
"246","Per3",2.01279076117673,"Astrocytes","5X"
"247","Gabrb1",2.55104801064273,"Astrocytes","5X"
"248","Slc4a4",2.74344300462093,"Astrocytes","5X"
"249","Sparcl1",3.63593568947803,"Astrocytes","5X"
"250","Ptprz1",3.17118912118505,"Astrocytes","5X"
"251","Ptn",2.17551077268239,"Astrocytes","5X"
"252","Luc7l2",2.29683533570917,"Astrocytes","5X"
"253","Hnrnpa2b1",2.4277130252169,"Astrocytes","5X"
"254","Slc6a1",2.18736701887967,"Astrocytes","5X"
"255","Slco1c1",2.03133424879371,"Astrocytes","5X"
"256","Ttyh1",2.66644962122447,"Astrocytes","5X"
"257","Apoe",3.76930016284258,"Astrocytes","5X"
"258","Slc7a10",2.37232067232044,"Astrocytes","5X"
"259","Snrnp70",2.69217892888231,"Astrocytes","5X"
"260","Luzp2",2.6923695411613,"Astrocytes","5X"
"261","Mfge8",2.41305310042024,"Astrocytes","5X"
"262","Htra1",2.79561284730305,"Astrocytes","5X"
"263","Cd81",2.26835697387599,"Astrocytes","5X"
"264","Syne1",2.32943899245149,"Astrocytes","5X"
"265","Gja1",2.5133515333093,"Astrocytes","5X"
"266","Psap",2.29785763109347,"Astrocytes","5X"
"267","Gpm6a",2.26943576329767,"Astrocytes","5X"
"268","Cpe",2.53824344775864,"Astrocytes","5X"
"269","Gnao1",2.53853746358459,"Astrocytes","5X"
"270","Mt3",2.53615499395982,"Astrocytes","5X"
"271","Mt1",2.27744410956511,"Astrocytes","5X"
"272","Glud1",2.31519641250078,"Astrocytes","5X"
"273","Ndrg2",1.98990480312927,"Astrocytes","5X"
"274","Clu",3.31774629400071,"Astrocytes","5X"
"275","Itm2b",2.19217508226386,"Astrocytes","5X"
"276","Ntm",2.36489539450776,"Astrocytes","5X"
"277","Ncam1",2.06653361802406,"Astrocytes","5X"
"278","Cspg5",2.81727180289719,"Astrocytes","5X"
"279","Atp1b2",2.39785337343182,"Astrocytes","5X"
"280","Msi2",2.38628226296039,"Astrocytes","5X"
"281","Ddx5",2.27053954299181,"Astrocytes","5X"
"282","Ntrk2",2.40266703301302,"Astrocytes","5X"
"283","Ntsr2",3.15623554872046,"Astrocytes","5X"
"284","Nrcam",2.26276183287694,"Astrocytes","5X"
"285","Meg3",2.182347508639,"Astrocytes","5X"
"286","Ckb",2.4562576244022,"Astrocytes","5X"
"287","Slc1a3",3.86502606491567,"Astrocytes","5X"
"288","Ctnnd2",2.23732061665204,"Astrocytes","5X"
"289","Grina",1.9554801347055,"Astrocytes","5X"
"290","Lsamp",2.71663263473007,"Astrocytes","5X"
"291","Zbtb20",2.70298978804254,"Astrocytes","5X"
"292","Cadm2",2.34913402323533,"Astrocytes","5X"
"293","Son",3.15800560658176,"Astrocytes","5X"
"294","Qk",2.12627205118978,"Astrocytes","5X"
"295","Srrm2",2.08317335262562,"Astrocytes","5X"
"296","Gm26917",2.63688855121442,"Astrocytes","5X"
"297","Gm42418",3.54347598220954,"Astrocytes","5X"
"298","Pla2g7",2.12218821234385,"Astrocytes","5X"
"299","Nrxn1",3.05998799417486,"Astrocytes","5X"
"300","Dtna",2.6088300197191,"Astrocytes","5X"
"301","Tcf4",2.46438292819716,"Astrocytes","5X"
"302","Malat1",6.77762329018681,"Astrocytes","5X"
"303","Rorb",2.07372402891422,"Astrocytes","5X"
"304","Scd2",2.23814670696646,"Astrocytes","5X"
"305","Adgrb3",1.92563461950819,"Medium.spiny.neurons","5X"
"306","Sf3b1",1.9465366622031,"Medium.spiny.neurons","5X"
"307","Adam23",1.82830492069132,"Medium.spiny.neurons","5X"
"308","Map2",2.29591162516979,"Medium.spiny.neurons","5X"
"309","R3hdm1",2.3798564490513,"Medium.spiny.neurons","5X"
"310","Cacna1e",1.84443217517983,"Medium.spiny.neurons","5X"
"311","Atp1b1",2.47715087062034,"Medium.spiny.neurons","5X"
"312","Hnrnpu",2.04183445933106,"Medium.spiny.neurons","5X"
"313","Celf2",3.46041792082718,"Medium.spiny.neurons","5X"
"314","Cacnb2",2.18723091106277,"Medium.spiny.neurons","5X"
"315","Nebl",1.8826632558772,"Medium.spiny.neurons","5X"
"316","Grin1",2.12470008590567,"Medium.spiny.neurons","5X"
"317","Lrp1b",2.31428517788715,"Medium.spiny.neurons","5X"
"318","Chn1",2.08048327401274,"Medium.spiny.neurons","5X"
"319","Ryr3",1.84978020422644,"Medium.spiny.neurons","5X"
"320","Meis2",2.39007276974357,"Medium.spiny.neurons","5X"
"321","Plcb1",2.33435116004112,"Medium.spiny.neurons","5X"
"322","Snap25",2.15303968745624,"Medium.spiny.neurons","5X"
"323","Rbm39",2.4370384789862,"Medium.spiny.neurons","5X"
"324","Snhg11",4.60728631537979,"Medium.spiny.neurons","5X"
"325","C230004F18Rik",2.38138236948173,"Medium.spiny.neurons","5X"
"326","Ogt",2.07497008654684,"Medium.spiny.neurons","5X"
"327","Gpm6b",2.16822017805536,"Medium.spiny.neurons","5X"
"328","Tnik",2.04406763827463,"Medium.spiny.neurons","5X"
"329","Ttc14",2.14924266589742,"Medium.spiny.neurons","5X"
"330","Dclk1",2.4671415768453,"Medium.spiny.neurons","5X"
"331","Nbea",1.80851691701798,"Medium.spiny.neurons","5X"
"332","Gria2",3.27044330790651,"Medium.spiny.neurons","5X"
"333","Fnbp1l",1.84054189720775,"Medium.spiny.neurons","5X"
"334","Ank2",2.27818617540691,"Medium.spiny.neurons","5X"
"335","Ppp3ca",2.47531229053333,"Medium.spiny.neurons","5X"
"336","Fubp1",1.94182689554407,"Medium.spiny.neurons","5X"
"337","Zranb2",1.92683312140727,"Medium.spiny.neurons","5X"
"338","Srsf11",2.37931618284306,"Medium.spiny.neurons","5X"
"339","Lrrc7",2.69673312533914,"Medium.spiny.neurons","5X"
"340","Pnisr",2.39159630561046,"Medium.spiny.neurons","5X"
"341","Ptprd",2.1600841719941,"Medium.spiny.neurons","5X"
"342","Atp6v0b",2.30478498901635,"Medium.spiny.neurons","5X"
"343","Macf1",2.00234074006376,"Medium.spiny.neurons","5X"
"344","Sfpq",2.14732511890429,"Medium.spiny.neurons","5X"
"345","Rsrp1",2.1806351905669,"Medium.spiny.neurons","5X"
"346","Dpp6",1.766034846132,"Medium.spiny.neurons","5X"
"347","Ablim2",1.92383153561158,"Medium.spiny.neurons","5X"
"348","Auts2",1.96003021472297,"Medium.spiny.neurons","5X"
"349","Cttnbp2",2.24941968403508,"Medium.spiny.neurons","5X"
"350","Luc7l2",2.46186877011421,"Medium.spiny.neurons","5X"
"351","Tra2a",1.80319302992025,"Medium.spiny.neurons","5X"
"352","Hnrnpa2b1",1.76308611950199,"Medium.spiny.neurons","5X"
"353","Tia1",1.86286696260122,"Medium.spiny.neurons","5X"
"354","Foxp1",1.97940725473167,"Medium.spiny.neurons","5X"
"355","Itpr1",1.94422971474431,"Medium.spiny.neurons","5X"
"356","Grm7",1.90112166500203,"Medium.spiny.neurons","5X"
"357","Atp2b2",2.09163356425168,"Medium.spiny.neurons","5X"
"358","Grin2b",2.55944141165598,"Medium.spiny.neurons","5X"
"359","Etnk1",1.86301442569909,"Medium.spiny.neurons","5X"
"360","Peg3",1.83326513409425,"Medium.spiny.neurons","5X"
"361","Atp1a3",2.2671389275709,"Medium.spiny.neurons","5X"
"362","Aplp1",1.84087689280862,"Medium.spiny.neurons","5X"
"363","Gpi1",1.90541094975872,"Medium.spiny.neurons","5X"
"364","Snrnp70",2.4718060137852,"Medium.spiny.neurons","5X"
"365","Ptpn5",2.00284162169172,"Medium.spiny.neurons","5X"
"366","Gabrb3",1.79541348371123,"Medium.spiny.neurons","5X"
"367","Grm5",2.63686424878117,"Medium.spiny.neurons","5X"
"368","Dlg2",2.44518247799565,"Medium.spiny.neurons","5X"
"369","Gm45159",2.09401940740729,"Medium.spiny.neurons","5X"
"370","Prkcb",1.7710075738986,"Medium.spiny.neurons","5X"
"371","Fus",2.58553375552159,"Medium.spiny.neurons","5X"
"372","Kcnq1ot1",2.59892330247233,"Medium.spiny.neurons","5X"
"373","Syne1",2.44169552835591,"Medium.spiny.neurons","5X"
"374","Pde7b",1.90710640536567,"Medium.spiny.neurons","5X"
"375","Ahi1",2.38690417872902,"Medium.spiny.neurons","5X"
"376","Grik2",1.82388938159032,"Medium.spiny.neurons","5X"
"377","Ank3",2.44837821118557,"Medium.spiny.neurons","5X"
"378","Matk",1.75362753887543,"Medium.spiny.neurons","5X"
"379","Anks1b",2.39070173646321,"Medium.spiny.neurons","5X"
"380","Atp2b1",3.28994620990298,"Medium.spiny.neurons","5X"
"381","Syt1",2.92601142980534,"Medium.spiny.neurons","5X"
"382","Osbpl8",1.90323970237675,"Medium.spiny.neurons","5X"
"383","Arglu1",1.76941941841649,"Medium.spiny.neurons","5X"
"384","Dlgap2",1.97923974993235,"Medium.spiny.neurons","5X"
"385","Csmd1",2.29194869837957,"Medium.spiny.neurons","5X"
"386","Sorbs2",2.24839779851843,"Medium.spiny.neurons","5X"
"387","Spock3",1.78182568347999,"Medium.spiny.neurons","5X"
"388","Ndrg4",2.42298717577703,"Medium.spiny.neurons","5X"
"389","Erc2",1.88009760893154,"Medium.spiny.neurons","5X"
"390","Cacna2d3",2.59382307167448,"Medium.spiny.neurons","5X"
"391","Slc22a17",2.02581449363197,"Medium.spiny.neurons","5X"
"392","Mir124a-1hg",1.9501225525631,"Medium.spiny.neurons","5X"
"393","Mycbp2",2.12405556938741,"Medium.spiny.neurons","5X"
"394","Mbnl2",2.09458002887807,"Medium.spiny.neurons","5X"
"395","Opcml",1.78988401756752,"Medium.spiny.neurons","5X"
"396","Elmod1",2.31162656262004,"Medium.spiny.neurons","5X"
"397","Nptn",2.05780508886085,"Medium.spiny.neurons","5X"
"398","Dock3",1.88269542893712,"Medium.spiny.neurons","5X"
"399","Camkv",1.9830149501967,"Medium.spiny.neurons","5X"
"400","Trank1",2.3021693578881,"Medium.spiny.neurons","5X"
"401","Arpp21",2.90971454926549,"Medium.spiny.neurons","5X"
"402","Nktr",1.83908878597869,"Medium.spiny.neurons","5X"
"403","9530059O14Rik",2.52511791517504,"Medium.spiny.neurons","5X"
"404","Camk2b",2.27052018289087,"Medium.spiny.neurons","5X"
"405","Sptbn1",2.07741865683371,"Medium.spiny.neurons","5X"
"406","Slit3",1.83260555070462,"Medium.spiny.neurons","5X"
"407","Gria1",1.92088493748303,"Medium.spiny.neurons","5X"
"408","Atp6v0a1",1.94336714967544,"Medium.spiny.neurons","5X"
"409","Tanc2",1.83625918099623,"Medium.spiny.neurons","5X"
"410","Ddx5",2.35118021554716,"Medium.spiny.neurons","5X"
"411","Rgs9",2.50926670862219,"Medium.spiny.neurons","5X"
"412","Baiap2",2.52428941069275,"Medium.spiny.neurons","5X"
"413","Phactr1",3.57718460865798,"Medium.spiny.neurons","5X"
"414","Map1b",1.95710496889261,"Medium.spiny.neurons","5X"
"415","Myt1l",2.26905698924632,"Medium.spiny.neurons","5X"
"416","Dgkb",2.19638031777362,"Medium.spiny.neurons","5X"
"417","Rtn1",2.37333111876764,"Medium.spiny.neurons","5X"
"418","Srsf5",1.77139847189885,"Medium.spiny.neurons","5X"
"419","Nrxn3",2.35062146000594,"Medium.spiny.neurons","5X"
"420","Meg3",5.16513222063348,"Medium.spiny.neurons","5X"
"421","Ckb",2.03747923488998,"Medium.spiny.neurons","5X"
"422","Csmd3",2.01455900878892,"Medium.spiny.neurons","5X"
"423","Tef",1.86036715150935,"Medium.spiny.neurons","5X"
"424","Rbfox1",2.12020772029389,"Medium.spiny.neurons","5X"
"425","Grin2a",1.80549467721255,"Medium.spiny.neurons","5X"
"426","Abcc5",1.79033208001647,"Medium.spiny.neurons","5X"
"427","Kalrn",1.91491152127341,"Medium.spiny.neurons","5X"
"428","Adcy5",2.03854726533609,"Medium.spiny.neurons","5X"
"429","Alcam",1.92781881187062,"Medium.spiny.neurons","5X"
"430","Cadm2",2.58899571198755,"Medium.spiny.neurons","5X"
"431","App",2.45861848483819,"Medium.spiny.neurons","5X"
"432","Son",2.29849125752535,"Medium.spiny.neurons","5X"
"433","Ttc3",2.67386515597355,"Medium.spiny.neurons","5X"
"434","Pde10a",3.73530101203184,"Medium.spiny.neurons","5X"
"435","Srrm2",2.44223833930963,"Medium.spiny.neurons","5X"
"436","Gm26917",2.9557454560966,"Medium.spiny.neurons","5X"
"437","Gm42418",3.1394983694168,"Medium.spiny.neurons","5X"
"438","Srsf7",1.95236268242711,"Medium.spiny.neurons","5X"
"439","Camk4",1.89920793327402,"Medium.spiny.neurons","5X"
"440","Camk2a",2.18129668829079,"Medium.spiny.neurons","5X"
"441","Malat1",6.63031803374063,"Medium.spiny.neurons","5X"
"442","Zfp950",1.75871204436253,"Medium.spiny.neurons","5X"
"443","AC149090.1",2.50620162986415,"Medium.spiny.neurons","5X"
"444","Tmeff2",2.73873686495195,"Oligodendrocytes","5X"
"445","Dock10",1.8962399541178,"Oligodendrocytes","5X"
"446","Cntn2",1.79915066918159,"Oligodendrocytes","5X"
"447","Nfasc",1.77404953879005,"Oligodendrocytes","5X"
"448","Glul",1.81262199177029,"Oligodendrocytes","5X"
"449","Dnm3",1.88997192486189,"Oligodendrocytes","5X"
"450","Ptgds",3.71432806108216,"Oligodendrocytes","5X"
"451","Fnbp1",2.51182501782408,"Oligodendrocytes","5X"
"452","Lrp1b",2.52509803297647,"Oligodendrocytes","5X"
"453","Zeb2",2.71475983875458,"Oligodendrocytes","5X"
"454","Gatm",2.8321280921972,"Oligodendrocytes","5X"
"455","Mal",2.97420575324216,"Oligodendrocytes","5X"
"456","Rbm39",1.82275998060073,"Oligodendrocytes","5X"
"457","Plp1",5.12745641871293,"Oligodendrocytes","5X"
"458","Gpm6b",2.71057568896888,"Oligodendrocytes","5X"
"459","Car2",2.60424160677134,"Oligodendrocytes","5X"
"460","Cldn11",3.16389727396905,"Oligodendrocytes","5X"
"461","Pex5l",2.90074006108183,"Oligodendrocytes","5X"
"462","Rnf13",1.76478901051927,"Oligodendrocytes","5X"
"463","Syt11",1.93145905789986,"Oligodendrocytes","5X"
"464","Tspan2",1.76870208408285,"Oligodendrocytes","5X"
"465","Ugt8a",1.89338425821892,"Oligodendrocytes","5X"
"466","Ank2",3.06465617484488,"Oligodendrocytes","5X"
"467","Ttll7",2.51870220802818,"Oligodendrocytes","5X"
"468","Pnisr",1.84279899236289,"Oligodendrocytes","5X"
"469","Ptprd",3.46262497339103,"Oligodendrocytes","5X"
"470","Slc24a2",2.69634529173413,"Oligodendrocytes","5X"
"471","Pde4b",3.00385978976326,"Oligodendrocytes","5X"
"472","Atp6v0b",1.77133642871061,"Oligodendrocytes","5X"
"473","Rsrp1",2.77494441983054,"Oligodendrocytes","5X"
"474","Kif1b",1.90952293521032,"Oligodendrocytes","5X"
"475","Magi2",1.94870812441941,"Oligodendrocytes","5X"
"476","Atp8a1",1.87585039076506,"Oligodendrocytes","5X"
"477","Gjc3",2.70313000432396,"Oligodendrocytes","5X"
"478","Luc7l2",2.45556954945205,"Oligodendrocytes","5X"
"479","Hnrnpa2b1",1.78401988165574,"Oligodendrocytes","5X"
"480","Mat2a",1.84694859327484,"Oligodendrocytes","5X"
"481","Wnk1",1.77577090574236,"Oligodendrocytes","5X"
"482","Apoe",1.82599777277306,"Oligodendrocytes","5X"
"483","Aplp1",3.31482390494017,"Oligodendrocytes","5X"
"484","Mag",3.08684360727506,"Oligodendrocytes","5X"
"485","Snrnp70",1.91661022910998,"Oligodendrocytes","5X"
"486","Kctd13",2.35290556488743,"Oligodendrocytes","5X"
"487","Fus",1.81280340380192,"Oligodendrocytes","5X"
"488","C030029H02Rik",1.76694012258028,"Oligodendrocytes","5X"
"489","Cd81",1.85387365083035,"Oligodendrocytes","5X"
"490","Map7",2.50721880932901,"Oligodendrocytes","5X"
"491","Nkain2",1.87210263417578,"Oligodendrocytes","5X"
"492","Ank3",1.88792184109638,"Oligodendrocytes","5X"
"493","Gnao1",1.79578650511908,"Oligodendrocytes","5X"
"494","Ankrd28",1.76888498040389,"Oligodendrocytes","5X"
"495","Zdhhc20",1.77594563552728,"Oligodendrocytes","5X"
"496","Kif13b",1.79862190595463,"Oligodendrocytes","5X"
"497","Itm2b",1.81141795739753,"Oligodendrocytes","5X"
"498","Pcdh9",2.6968450922065,"Oligodendrocytes","5X"
"499","Mbnl2",1.90106998490682,"Oligodendrocytes","5X"
"500","Sept7",2.72210743243223,"Oligodendrocytes","5X"
"501","Ncam1",1.88779892298188,"Oligodendrocytes","5X"
"502","Tmod2",1.78728268453636,"Oligodendrocytes","5X"
"503","Clasp2",2.55042348768712,"Oligodendrocytes","5X"
"504","Mobp",1.92597140660119,"Oligodendrocytes","5X"
"505","Rtn4",2.69805564685473,"Oligodendrocytes","5X"
"506","Aspa",2.68435087277229,"Oligodendrocytes","5X"
"507","Sept4",2.7236106310428,"Oligodendrocytes","5X"
"508","Mapt",3.11006666379216,"Oligodendrocytes","5X"
"509","Ddx5",1.75887345178764,"Oligodendrocytes","5X"
"510","Aatk",1.88845227160483,"Oligodendrocytes","5X"
"511","Edil3",3.11078740550262,"Oligodendrocytes","5X"
"512","Mast4",2.82646768585492,"Oligodendrocytes","5X"
"513","Plekhh1",1.7699025950169,"Oligodendrocytes","5X"
"514","Meg3",2.63800296455207,"Oligodendrocytes","5X"
"515","Enpp2",3.2555461025196,"Oligodendrocytes","5X"
"516","Kif21a",1.75728978953684,"Oligodendrocytes","5X"
"517","Litaf",1.77780997061619,"Oligodendrocytes","5X"
"518","Apod",2.82627634095602,"Oligodendrocytes","5X"
"519","App",3.26958596263142,"Oligodendrocytes","5X"
"520","Son",1.93429214035376,"Oligodendrocytes","5X"
"521","Tulp4",1.82301313307873,"Oligodendrocytes","5X"
"522","Qk",2.73079604430595,"Oligodendrocytes","5X"
"523","Srrm2",1.77788720906544,"Oligodendrocytes","5X"
"524","Mog",2.87923752963052,"Oligodendrocytes","5X"
"525","Gm26917",1.9834234091502,"Oligodendrocytes","5X"
"526","Gm42418",3.71212844338939,"Oligodendrocytes","5X"
"527","Tubb4a",2.56171745787771,"Oligodendrocytes","5X"
"528","Mbp",4.37821843974565,"Oligodendrocytes","5X"
"529","Malat1",6.69603106510776,"Oligodendrocytes","5X"
"530","Neat1",3.51133760571547,"Oligodendrocytes","5X"
"531","Fth1",1.88350623951312,"Oligodendrocytes","5X"
"532","Cdc37l1",2.91740657351346,"Oligodendrocytes","5X"
"533","Scd2",3.01996950777274,"Oligodendrocytes","5X"
"534","Atp1a2",3.0018161310963,"Endothelial.cells","5X"
"535","Ptgds",2.76764608773165,"Endothelial.cells","5X"
"536","Cst3",2.16684559983675,"Endothelial.cells","5X"
"537","Rbm39",2.52539874124691,"Endothelial.cells","5X"
"538","Snhg11",2.63773846216196,"Endothelial.cells","5X"
"539","Ank2",1.83612176787972,"Endothelial.cells","5X"
"540","Sparcl1",1.9444054944531,"Endothelial.cells","5X"
"541","Actb",1.89011794978918,"Endothelial.cells","5X"
"542","Ptn",2.1484220352917,"Endothelial.cells","5X"
"543","Luc7l2",1.87004530286299,"Endothelial.cells","5X"
"544","Apoe",1.82495563729669,"Endothelial.cells","5X"
"545","Fus",2.36669893375614,"Endothelial.cells","5X"
"546","Itm2b",2.60473456047259,"Endothelial.cells","5X"
"547","Sptbn1",2.35741344733047,"Endothelial.cells","5X"
"548","Ddx5",2.15461930867868,"Endothelial.cells","5X"
"549","Laptm4a",1.82516097425742,"Endothelial.cells","5X"
"550","Meg3",2.75387792293723,"Endothelial.cells","5X"
"551","Slc38a2",1.77081149057111,"Endothelial.cells","5X"
"552","Apod",1.82784616696263,"Endothelial.cells","5X"
"553","Zbtb20",1.85312137238975,"Endothelial.cells","5X"
"554","App",1.89450924225397,"Endothelial.cells","5X"
"555","Son",2.6040404610062,"Endothelial.cells","5X"
"556","Gm26917",1.78785767169985,"Endothelial.cells","5X"
"557","Gm42418",3.82161328307918,"Endothelial.cells","5X"
"558","Tcf4",1.76195935530751,"Endothelial.cells","5X"
"559","Malat1",6.4249614355353,"Endothelial.cells","5X"
"560","mt-Co1",2.18210259650953,"Endothelial.cells","5X"
"561","mt-Co2",1.97669577490074,"Endothelial.cells","5X"
"562","mt-Atp8",1.78394269903026,"Endothelial.cells","5X"
"563","mt-Co3",2.08166544059873,"Endothelial.cells","5X"
"564","mt-Cytb",1.91179617957424,"Endothelial.cells","5X"
"565","Map2",2.19803506664736,"OPCs","5X"
"566","Serpine2",3.01561775496043,"OPCs","5X"
"567","Gpr37l1",2.11865680606608,"OPCs","5X"
"568","Tnr",3.23058698988966,"OPCs","5X"
"569","Atp1a2",2.2593612591368,"OPCs","5X"
"570","Lrp1b",2.63680657895309,"OPCs","5X"
"571","Rbm39",2.37145457065766,"OPCs","5X"
"572","Snhg11",2.24767450640436,"OPCs","5X"
"573","Matn4",2.26918239893952,"OPCs","5X"
"574","Pcsk1n",2.15299891146616,"OPCs","5X"
"575","Ogt",1.8131949791861,"OPCs","5X"
"576","Gpm6b",2.35512236687464,"OPCs","5X"
"577","Ttc14",1.80580646568533,"OPCs","5X"
"578","Gria2",3.04928300694834,"OPCs","5X"
"579","Bcan",2.81560707585647,"OPCs","5X"
"580","Gm3764",2.31280856223995,"OPCs","5X"
"581","Syt11",2.21254268805297,"OPCs","5X"
"582","Srsf11",2.05763312046224,"OPCs","5X"
"583","Pnisr",2.35364870614838,"OPCs","5X"
"584","Atp6v0b",2.20924773409035,"OPCs","5X"
"585","Sfpq",1.96549148583162,"OPCs","5X"
"586","Rsrp1",2.10221509930877,"OPCs","5X"
"587","Lhfpl3",3.23245497383545,"OPCs","5X"
"588","Pdgfra",3.1718102133162,"OPCs","5X"
"589","Sparcl1",2.60484080137724,"OPCs","5X"
"590","Gjc3",2.54798892414908,"OPCs","5X"
"591","Nxph1",2.01209556323965,"OPCs","5X"
"592","Ptprz1",3.88977001411675,"OPCs","5X"
"593","Ptn",2.43928852078181,"OPCs","5X"
"594","Luc7l2",2.15571460762778,"OPCs","5X"
"595","Tra2a",2.02820560014122,"OPCs","5X"
"596","Hnrnpa2b1",2.30055216780627,"OPCs","5X"
"597","Tia1",1.84637443043695,"OPCs","5X"
"598","Cd9",2.24450028747203,"OPCs","5X"
"599","Apoe",2.88183388641535,"OPCs","5X"
"600","Snrnp70",2.48538416870224,"OPCs","5X"
"601","Luzp2",2.33081749782954,"OPCs","5X"
"602","Fchsd2",2.04138405253061,"OPCs","5X"
"603","Sox6",2.14882614930737,"OPCs","5X"
"604","Xylt1",2.15698062883912,"OPCs","5X"
"605","Fus",2.18503460258701,"OPCs","5X"
"606","Cd81",2.63932082472578,"OPCs","5X"
"607","Kcnq1ot1",2.31240666643387,"OPCs","5X"
"608","Rev3l",2.1309516334973,"OPCs","5X"
"609","Slc35f1",1.90207129032862,"OPCs","5X"
"610","Psap",2.20485921358116,"OPCs","5X"
"611","Pcdh15",2.77449384881917,"OPCs","5X"
"612","Anks1b",2.40729000005886,"OPCs","5X"
"613","Lrp1",2.14884842629036,"OPCs","5X"
"614","Csmd1",2.32416372028954,"OPCs","5X"
"615","Gpm6a",2.08349680052199,"OPCs","5X"
"616","Ankrd11",2.0984126806582,"OPCs","5X"
"617","Slc22a17",2.4896339334104,"OPCs","5X"
"618","Itm2b",2.21685474726995,"OPCs","5X"
"619","Pcdh9",1.98119899151417,"OPCs","5X"
"620","Opcml",2.93705223771586,"OPCs","5X"
"621","Ncam1",2.48638786309774,"OPCs","5X"
"622","Cspg4",2.25452003960714,"OPCs","5X"
"623","Cspg5",3.24027700263829,"OPCs","5X"
"624","Epn2",2.5738888301938,"OPCs","5X"
"625","Ddx5",2.17193436735742,"OPCs","5X"
"626","Vcan",2.75122722376396,"OPCs","5X"
"627","Srek1",1.98782049629822,"OPCs","5X"
"628","Rtn1",2.24233338619227,"OPCs","5X"
"629","Meg3",2.89562996920737,"OPCs","5X"
"630","Csmd3",2.23916015770726,"OPCs","5X"
"631","Sox10",2.17798688284155,"OPCs","5X"
"632","Cntn1",2.17589275897497,"OPCs","5X"
"633","Tmbim6",1.91649210343446,"OPCs","5X"
"634","Arhgap31",2.28039916328085,"OPCs","5X"
"635","Lsamp",2.75476598523658,"OPCs","5X"
"636","Zbtb20",2.12797132203684,"OPCs","5X"
"637","Cadm2",2.28972813492805,"OPCs","5X"
"638","App",2.06818459874871,"OPCs","5X"
"639","Olig1",2.12813101832355,"OPCs","5X"
"640","Son",2.50024946419408,"OPCs","5X"
"641","Ttc3",2.04068330243337,"OPCs","5X"
"642","Qk",2.0905696722453,"OPCs","5X"
"643","Srrm2",2.31132528922706,"OPCs","5X"
"644","Gm26917",2.8465737169396,"OPCs","5X"
"645","Gm42418",3.5487550311248,"OPCs","5X"
"646","Dlgap1",2.34178978312231,"OPCs","5X"
"647","Nrxn1",2.7732313601461,"OPCs","5X"
"648","Tcf4",2.32854396845983,"OPCs","5X"
"649","Malat1",6.32949189326536,"OPCs","5X"
"650","Serpine2",1.76237442507991,"Microglia","5X"
"651","Inpp5d",1.86889293667309,"Microglia","5X"
"652","Srgap2",1.89875202026871,"Microglia","5X"
"653","Ptprc",1.87283869737335,"Microglia","5X"
"654","Plxdc2",2.88019059427161,"Microglia","5X"
"655","Apbb1ip",1.91793962465405,"Microglia","5X"
"656","Zeb2",1.83167844480531,"Microglia","5X"
"657","Cst3",4.02430678298898,"Microglia","5X"
"658","Abhd12",1.83544945972742,"Microglia","5X"
"659","Rbm39",2.51551927415081,"Microglia","5X"
"660","Snhg11",1.75590350492454,"Microglia","5X"
"661","Sat1",1.87487089511658,"Microglia","5X"
"662","Pag1",2.58406712145694,"Microglia","5X"
"663","P2ry12",1.81455029209845,"Microglia","5X"
"664","Mbnl1",1.93576766620773,"Microglia","5X"
"665","Ctss",2.63907301385185,"Microglia","5X"
"666","Tgfbr1",2.03438018441749,"Microglia","5X"
"667","Atp6v0b",2.74070358418833,"Microglia","5X"
"668","Macf1",1.85030267005601,"Microglia","5X"
"669","Laptm5",2.02019729649047,"Microglia","5X"
"670","Rsrp1",2.88387107748602,"Microglia","5X"
"671","C1qb",2.56222868134703,"Microglia","5X"
"672","C1qc",2.86085879080454,"Microglia","5X"
"673","C1qa",2.75039287096467,"Microglia","5X"
"674","Luc7l2",1.96533750979093,"Microglia","5X"
"675","Hnrnpa2b1",1.86831359830408,"Microglia","5X"
"676","Hpgds",1.85496176609194,"Microglia","5X"
"677","Cd9",1.82780811156815,"Microglia","5X"
"678","Lair1",1.84285828068881,"Microglia","5X"
"679","Apoe",2.09087382875871,"Microglia","5X"
"680","Snrnp70",1.84991232935195,"Microglia","5X"
"681","Mef2a",2.65374061244165,"Microglia","5X"
"682","Fus",2.54489235300496,"Microglia","5X"
"683","Ctsd",3.02341048942229,"Microglia","5X"
"684","Cd81",1.76454279525358,"Microglia","5X"
"685","Epb41l2",1.8624121226077,"Microglia","5X"
"686","Psap",1.86717873732475,"Microglia","5X"
"687","Arhgap45",1.85607084281796,"Microglia","5X"
"688","Gns",1.84184304967262,"Microglia","5X"
"689","Lpcat2",1.75368720903398,"Microglia","5X"
"690","Ctsb",2.16412185868832,"Microglia","5X"
"691","Itm2b",2.74441293074865,"Microglia","5X"
"692","Tgfbr2",1.75261946247867,"Microglia","5X"
"693","Cx3cr1",1.78396865118928,"Microglia","5X"
"694","Ssh2",1.92099835274822,"Microglia","5X"
"695","Tanc2",1.83806581551552,"Microglia","5X"
"696","Ddx5",1.99526932776356,"Microglia","5X"
"697","Ly86",1.96842381230412,"Microglia","5X"
"698","Mef2c",2.80283145238913,"Microglia","5X"
"699","Hexb",3.79438736409676,"Microglia","5X"
"700","Lgmn",1.87708072449476,"Microglia","5X"
"701","Meg3",2.65116963332094,"Microglia","5X"
"702","Fyb",1.78386219922128,"Microglia","5X"
"703","Csmd3",1.76438748495257,"Microglia","5X"
"704","Cyth4",1.89291238806047,"Microglia","5X"
"705","Son",1.98881306974167,"Microglia","5X"
"706","Srrm2",1.97553135380373,"Microglia","5X"
"707","Gm26917",2.73268324650523,"Microglia","5X"
"708","Gm42418",3.83343737748278,"Microglia","5X"
"709","Trem2",2.04857327963856,"Microglia","5X"
"710","Csf1r",2.72634574845587,"Microglia","5X"
"711","Unc93b1",1.88792652599404,"Microglia","5X"
"712","Malat1",5.90659730435186,"Microglia","5X"
"713","AC149090.1",1.87710526595551,"Microglia","5X"
"714","Sf3b1",1.82435934255692,"Excitatory.neurons","WT"
"715","Map2",2.16355586875836,"Excitatory.neurons","WT"
"716","R3hdm1",2.61521753140177,"Excitatory.neurons","WT"
"717","Atp1b1",2.6673462807392,"Excitatory.neurons","WT"
"718","Hnrnpu",1.89482770122213,"Excitatory.neurons","WT"
"719","Celf2",3.06321531984958,"Excitatory.neurons","WT"
"720","Grin1",2.09349188915554,"Excitatory.neurons","WT"
"721","Sptan1",1.75133139915186,"Excitatory.neurons","WT"
"722","Lrp1b",2.01397164223588,"Excitatory.neurons","WT"
"723","Scn2a",1.83600855268904,"Excitatory.neurons","WT"
"724","Chn1",1.87975650327834,"Excitatory.neurons","WT"
"725","Slc1a2",1.84409340808908,"Excitatory.neurons","WT"
"726","Snap25",2.73542214443477,"Excitatory.neurons","WT"
"727","Pcsk2",1.79565557279467,"Excitatory.neurons","WT"
"728","Rbm39",2.55417861265763,"Excitatory.neurons","WT"
"729","Snhg11",5.0019870834015,"Excitatory.neurons","WT"
"730","C230004F18Rik",1.86478889738685,"Excitatory.neurons","WT"
"731","Ogt",2.04669602512798,"Excitatory.neurons","WT"
"732","Gpm6b",1.99101484603266,"Excitatory.neurons","WT"
"733","Ttc14",2.42020842558566,"Excitatory.neurons","WT"
"734","Dclk1",2.26066437160355,"Excitatory.neurons","WT"
"735","Gria2",3.25061902487671,"Excitatory.neurons","WT"
"736","Atp1a1",1.83198799555306,"Excitatory.neurons","WT"
"737","Ank2",2.54779582624514,"Excitatory.neurons","WT"
"738","Ppp3ca",1.75435506346647,"Excitatory.neurons","WT"
"739","Zranb2",2.08391304219745,"Excitatory.neurons","WT"
"740","Srsf11",2.32849760334927,"Excitatory.neurons","WT"
"741","Lrrc7",2.10975114335759,"Excitatory.neurons","WT"
"742","Pnisr",2.37491642526407,"Excitatory.neurons","WT"
"743","Ptprd",3.36385746322997,"Excitatory.neurons","WT"
"744","Atp6v0b",2.70584911022249,"Excitatory.neurons","WT"
"745","Macf1",1.84335160628308,"Excitatory.neurons","WT"
"746","Sfpq",1.76758670219092,"Excitatory.neurons","WT"
"747","Rsrp1",2.63530746045724,"Excitatory.neurons","WT"
"748","Cacna2d1",1.864030164099,"Excitatory.neurons","WT"
"749","Kcnip4",2.28830484425183,"Excitatory.neurons","WT"
"750","Epha5",2.24957928493981,"Excitatory.neurons","WT"
"751","Miat",1.8510912249394,"Excitatory.neurons","WT"
"752","Cttnbp2",1.9598596832854,"Excitatory.neurons","WT"
"753","Luc7l2",2.54632159349326,"Excitatory.neurons","WT"
"754","Tra2a",1.99598803820883,"Excitatory.neurons","WT"
"755","Tia1",1.8909473814736,"Excitatory.neurons","WT"
"756","Atp2b2",1.92095020889457,"Excitatory.neurons","WT"
"757","Grin2b",2.31967080462134,"Excitatory.neurons","WT"
"758","Peg3",1.83921811468013,"Excitatory.neurons","WT"
"759","Atp1a3",2.43667432682619,"Excitatory.neurons","WT"
"760","Aplp1",1.87841897513956,"Excitatory.neurons","WT"
"761","Snrnp70",2.64503342723127,"Excitatory.neurons","WT"
"762","Grm5",1.80483675030794,"Excitatory.neurons","WT"
"763","Dlg2",2.13564747119424,"Excitatory.neurons","WT"
"764","Fus",2.3342812129254,"Excitatory.neurons","WT"
"765","Kcnq1ot1",2.3719502634181,"Excitatory.neurons","WT"
"766","Syne1",1.93345723972317,"Excitatory.neurons","WT"
"767","Ahi1",2.60050184554245,"Excitatory.neurons","WT"
"768","Psap",1.78425386195411,"Excitatory.neurons","WT"
"769","Ank3",1.98798058970187,"Excitatory.neurons","WT"
"770","Matk",1.75452653663447,"Excitatory.neurons","WT"
"771","Anks1b",2.00265672747525,"Excitatory.neurons","WT"
"772","Atp2b1",2.67552125226165,"Excitatory.neurons","WT"
"773","Syt1",3.30456698016148,"Excitatory.neurons","WT"
"774","Dlgap2",1.96437776655477,"Excitatory.neurons","WT"
"775","Csmd1",2.43059611706932,"Excitatory.neurons","WT"
"776","Sorbs2",2.14847403462613,"Excitatory.neurons","WT"
"777","Gpm6a",2.01408017047599,"Excitatory.neurons","WT"
"778","Tecr",1.8669858140583,"Excitatory.neurons","WT"
"779","Cx3cl1",1.802772014158,"Excitatory.neurons","WT"
"780","Ndrg4",1.77945871737737,"Excitatory.neurons","WT"
"781","Kcnma1",1.79753589101091,"Excitatory.neurons","WT"
"782","Erc2",1.75395793539246,"Excitatory.neurons","WT"
"783","Slc22a17",1.97612811511115,"Excitatory.neurons","WT"
"784","Mir124a-1hg",2.4035138638238,"Excitatory.neurons","WT"
"785","Itm2b",1.74691075610277,"Excitatory.neurons","WT"
"786","Pcdh9",1.85281411896164,"Excitatory.neurons","WT"
"787","Mycbp2",2.0141137867308,"Excitatory.neurons","WT"
"788","Opcml",2.48463796253214,"Excitatory.neurons","WT"
"789","Nptn",1.95204961870419,"Excitatory.neurons","WT"
"790","Trank1",1.83353531864163,"Excitatory.neurons","WT"
"791","Arpp21",2.75749826427494,"Excitatory.neurons","WT"
"792","Nktr",2.00410465685562,"Excitatory.neurons","WT"
"793","9530059O14Rik",1.86345294564475,"Excitatory.neurons","WT"
"794","Rtn4",1.80604769620533,"Excitatory.neurons","WT"
"795","Luc7l3",1.83645488636292,"Excitatory.neurons","WT"
"796","Atp6v0a1",1.83395462545427,"Excitatory.neurons","WT"
"797","Mapt",1.8290033710874,"Excitatory.neurons","WT"
"798","Ddx5",1.77233195675742,"Excitatory.neurons","WT"
"799","Baiap2",1.79512561224866,"Excitatory.neurons","WT"
"800","Ryr2",1.76589895373847,"Excitatory.neurons","WT"
"801","Phactr1",2.18427615630049,"Excitatory.neurons","WT"
"802","Ntrk2",1.89643551474623,"Excitatory.neurons","WT"
"803","Mef2c",2.3964421114333,"Excitatory.neurons","WT"
"804","Map1b",1.96106329889113,"Excitatory.neurons","WT"
"805","Myt1l",1.77025401952354,"Excitatory.neurons","WT"
"806","Nrcam",2.14650979273425,"Excitatory.neurons","WT"
"807","Rtn1",2.70238519491926,"Excitatory.neurons","WT"
"808","Rbm25",1.77094756193863,"Excitatory.neurons","WT"
"809","Nrxn3",2.10303788478549,"Excitatory.neurons","WT"
"810","Meg3",5.25424657649352,"Excitatory.neurons","WT"
"811","Phf20l1",1.88838623044173,"Excitatory.neurons","WT"
"812","Kif21a",1.79574493354701,"Excitatory.neurons","WT"
"813","Grin2a",2.13130259104291,"Excitatory.neurons","WT"
"814","Abcc5",1.74763845303945,"Excitatory.neurons","WT"
"815","Kalrn",2.4413989605059,"Excitatory.neurons","WT"
"816","Cadm2",2.47120166264039,"Excitatory.neurons","WT"
"817","App",2.53055622750349,"Excitatory.neurons","WT"
"818","Son",2.04468005185619,"Excitatory.neurons","WT"
"819","Ttc3",2.58474516049318,"Excitatory.neurons","WT"
"820","Srrm2",2.31459084040645,"Excitatory.neurons","WT"
"821","Atp6v0c",1.97954507969463,"Excitatory.neurons","WT"
"822","Gm26917",2.44684012350988,"Excitatory.neurons","WT"
"823","Gm42418",2.92935149807521,"Excitatory.neurons","WT"
"824","Ptprs",2.16560048060549,"Excitatory.neurons","WT"
"825","Dlgap1",2.52395769539331,"Excitatory.neurons","WT"
"826","Srsf7",1.80353570827954,"Excitatory.neurons","WT"
"827","Nrxn1",2.44943283444882,"Excitatory.neurons","WT"
"828","Celf4",1.81248922780617,"Excitatory.neurons","WT"
"829","Ndfip1",1.76868709493712,"Excitatory.neurons","WT"
"830","Camk2a",2.32267513435079,"Excitatory.neurons","WT"
"831","Tcf4",1.9772560586029,"Excitatory.neurons","WT"
"832","Malat1",6.50275871348489,"Excitatory.neurons","WT"
"833","Rtn3",2.07929632874769,"Excitatory.neurons","WT"
"834","AC149090.1",2.64110601377879,"Excitatory.neurons","WT"
"835","Sf3b1",1.8010488259522,"Interneurons","WT"
"836","Map2",2.00234443560714,"Interneurons","WT"
"837","Pam",1.85710812746334,"Interneurons","WT"
"838","Atp1b1",3.43275493960445,"Interneurons","WT"
"839","Hnrnpu",1.83372486521866,"Interneurons","WT"
"840","Celf2",1.80699069578468,"Interneurons","WT"
"841","Etl4",1.7410634539502,"Interneurons","WT"
"842","Grin1",1.92791808608842,"Interneurons","WT"
"843","Lrp1b",1.76791707085765,"Interneurons","WT"
"844","Scn1a",1.8193727949871,"Interneurons","WT"
"845","Gad1",1.90362371681571,"Interneurons","WT"
"846","Tmx4",1.79001642983685,"Interneurons","WT"
"847","Snap25",2.28285260551645,"Interneurons","WT"
"848","Rbm39",2.56554559808206,"Interneurons","WT"
"849","Snhg11",5.30809319131611,"Interneurons","WT"
"850","Slc32a1",1.73918514954755,"Interneurons","WT"
"851","Syp",1.89464691795531,"Interneurons","WT"
"852","Pcsk1n",2.13122195335218,"Interneurons","WT"
"853","Ogt",2.21397285867871,"Interneurons","WT"
"854","5330434G04Rik",2.40517294423152,"Interneurons","WT"
"855","Ttc14",2.36283924530845,"Interneurons","WT"
"856","Gria2",2.87803927805248,"Interneurons","WT"
"857","Syt11",1.95318544967012,"Interneurons","WT"
"858","Sv2a",1.88159345422102,"Interneurons","WT"
"859","Ank2",2.35098113887848,"Interneurons","WT"
"860","Zranb2",2.16397998978077,"Interneurons","WT"
"861","Srsf11",2.13282048622174,"Interneurons","WT"
"862","Pnisr",2.29485866809291,"Interneurons","WT"
"863","Sgip1",1.86991535726746,"Interneurons","WT"
"864","Atp6v0b",2.62714933818603,"Interneurons","WT"
"865","Macf1",1.97748647298213,"Interneurons","WT"
"866","Rsrp1",2.6928445202496,"Interneurons","WT"
"867","Epha5",2.035637268034,"Interneurons","WT"
"868","Sparcl1",1.89871951046995,"Interneurons","WT"
"869","Cit",1.75997231508296,"Interneurons","WT"
"870","Atp2a2",1.82327461196905,"Interneurons","WT"
"871","Luc7l2",2.56567694330878,"Interneurons","WT"
"872","Tra2a",2.07803244167505,"Interneurons","WT"
"873","Hnrnpa2b1",1.74985030253925,"Interneurons","WT"
"874","Mat2a",1.75246775434416,"Interneurons","WT"
"875","Tia1",1.93888195937542,"Interneurons","WT"
"876","Slc6a1",2.12538343475353,"Interneurons","WT"
"877","Clstn3",1.75692431185528,"Interneurons","WT"
"878","Gapdh",1.94601249078665,"Interneurons","WT"
"879","Grin2b",2.01447503453642,"Interneurons","WT"
"880","Peg3",2.43104245644482,"Interneurons","WT"
"881","Atp1a3",2.96186105477202,"Interneurons","WT"
"882","Snrnp70",2.66519235334927,"Interneurons","WT"
"883","Kcnc1",2.08835972705034,"Interneurons","WT"
"884","Grm5",1.75043092129252,"Interneurons","WT"
"885","Dlg2",1.81723651743226,"Interneurons","WT"
"886","Fus",2.39389333572357,"Interneurons","WT"
"887","Kcnq1ot1",2.3022323932968,"Interneurons","WT"
"888","Syne1",1.80331061304594,"Interneurons","WT"
"889","Ahi1",2.28786431011381,"Interneurons","WT"
"890","Serinc1",1.77823923516018,"Interneurons","WT"
"891","Psap",2.14855941594542,"Interneurons","WT"
"892","Ank3",1.94282771894469,"Interneurons","WT"
"893","Atp2b1",1.85792681620489,"Interneurons","WT"
"894","Syt1",3.37365090506535,"Interneurons","WT"
"895","Csmd1",1.82859364335807,"Interneurons","WT"
"896","Gpm6a",1.85453428114598,"Interneurons","WT"
"897","Tecr",2.12795756450268,"Interneurons","WT"
"898","Ndrg4",1.89085555505203,"Interneurons","WT"
"899","Slc22a17",2.10788428500649,"Interneurons","WT"
"900","Mir124a-1hg",2.56799163675718,"Interneurons","WT"
"901","Itm2b",1.99935586539225,"Interneurons","WT"
"902","Mycbp2",1.90150018391839,"Interneurons","WT"
"903","Gria4",1.93104060058123,"Interneurons","WT"
"904","Opcml",2.04712389187714,"Interneurons","WT"
"905","Aplp2",2.1507380926634,"Interneurons","WT"
"906","Hspa8",1.8619602478826,"Interneurons","WT"
"907","Ncam1",1.89524009654231,"Interneurons","WT"
"908","Nptn",1.83026560341248,"Interneurons","WT"
"909","Nktr",2.00441491257442,"Interneurons","WT"
"910","Gabra1",1.93057510632864,"Interneurons","WT"
"911","Atp6v0a1",1.85686044839241,"Interneurons","WT"
"912","Ntrk2",2.10002592334534,"Interneurons","WT"
"913","Mef2c",1.99341589014695,"Interneurons","WT"
"914","Map1b",1.8350880042577,"Interneurons","WT"
"915","Rtn1",2.66458996800988,"Interneurons","WT"
"916","Rbm25",1.79537146118334,"Interneurons","WT"
"917","Nrxn3",2.46989983406565,"Interneurons","WT"
"918","Meg3",5.56780253403608,"Interneurons","WT"
"919","Phf20l1",1.84213046123555,"Interneurons","WT"
"920","Ly6h",1.82610302138954,"Interneurons","WT"
"921","Grina",1.7941566753741,"Interneurons","WT"
"922","Kif21a",1.80477627229149,"Interneurons","WT"
"923","Rbfox1",1.89360863318535,"Interneurons","WT"
"924","Lsamp",2.23908542649926,"Interneurons","WT"
"925","Cadm2",1.97742762781299,"Interneurons","WT"
"926","App",2.8151159304336,"Interneurons","WT"
"927","Son",1.90044563150473,"Interneurons","WT"
"928","Ttc3",2.74080626962688,"Interneurons","WT"
"929","Srrm2",2.42819643550471,"Interneurons","WT"
"930","Atp6v0c",2.39221852093003,"Interneurons","WT"
"931","Gm26917",2.33586890876427,"Interneurons","WT"
"932","Gm42418",3.0772605271812,"Interneurons","WT"
"933","Ptprs",2.0574203699159,"Interneurons","WT"
"934","Dlgap1",2.7601182522996,"Interneurons","WT"
"935","Nrxn1",1.92751850392004,"Interneurons","WT"
"936","Ndfip1",2.05676960026811,"Interneurons","WT"
"937","Tcf4",2.82978644388495,"Interneurons","WT"
"938","Malat1",6.16547236082746,"Interneurons","WT"
"939","Rtn3",2.30296341983846,"Interneurons","WT"
"940","AC149090.1",2.32772347313757,"Interneurons","WT"
"941","Prex2",2.3879336722876,"Astrocytes","WT"
"942","Acsl3",3.10716415810171,"Astrocytes","WT"
"943","Serpine2",2.1443379317199,"Astrocytes","WT"
"944","Gpr37l1",3.05015734493868,"Astrocytes","WT"
"945","Glul",3.28823900021697,"Astrocytes","WT"
"946","Prdx6",2.55700577478217,"Astrocytes","WT"
"947","Atp1a2",4.17105625003915,"Astrocytes","WT"
"948","Slc1a2",4.78665160605976,"Astrocytes","WT"
"949","Prnp",2.362750468487,"Astrocytes","WT"
"950","Cst3",3.65226679648215,"Astrocytes","WT"
"951","Rbm39",2.45286335737297,"Astrocytes","WT"
"952","Tspan7",2.61933200020653,"Astrocytes","WT"
"953","Ogt",2.1757184098807,"Astrocytes","WT"
"954","Sat1",2.44546851281171,"Astrocytes","WT"
"955","Gpm6b",2.82755999817518,"Astrocytes","WT"
"956","Ttc14",2.08117008984535,"Astrocytes","WT"
"957","Dclk1",3.39915239921666,"Astrocytes","WT"
"958","Gria2",2.97406362352493,"Astrocytes","WT"
"959","Bcan",3.08251248916187,"Astrocytes","WT"
"960","Gm3764",3.14997709584415,"Astrocytes","WT"
"961","S1pr1",2.38608884143012,"Astrocytes","WT"
"962","F3",2.28033652813384,"Astrocytes","WT"
"963","Ank2",2.88552060759521,"Astrocytes","WT"
"964","Pnisr",2.74601083830112,"Astrocytes","WT"
"965","Plpp3",3.31475333057368,"Astrocytes","WT"
"966","Atp6v0b",2.00245910887064,"Astrocytes","WT"
"967","Macf1",2.88041376410552,"Astrocytes","WT"
"968","Rsrp1",2.71737412539265,"Astrocytes","WT"
"969","Per3",2.22452195459895,"Astrocytes","WT"
"970","Gabrb1",2.53244160687471,"Astrocytes","WT"
"971","Slc4a4",2.70342111751495,"Astrocytes","WT"
"972","Sparcl1",3.59480554982109,"Astrocytes","WT"
"973","Ptprz1",3.14452875497805,"Astrocytes","WT"
"974","Ptn",2.07915861266559,"Astrocytes","WT"
"975","Luc7l2",2.33080915763866,"Astrocytes","WT"
"976","Hnrnpa2b1",2.41926422678538,"Astrocytes","WT"
"977","Mat2a",2.11817447626342,"Astrocytes","WT"
"978","Slc6a1",2.05225526959758,"Astrocytes","WT"
"979","Slco1c1",2.14013645670778,"Astrocytes","WT"
"980","Ttyh1",2.6755702632545,"Astrocytes","WT"
"981","Apoe",3.73384381528882,"Astrocytes","WT"
"982","Slc7a10",2.30945861785364,"Astrocytes","WT"
"983","Snrnp70",2.62266685519293,"Astrocytes","WT"
"984","Luzp2",2.71746930972138,"Astrocytes","WT"
"985","Mfge8",2.45684773857517,"Astrocytes","WT"
"986","Htra1",2.74296990853498,"Astrocytes","WT"
"987","Cd81",2.38830860837935,"Astrocytes","WT"
"988","Syne1",2.2417836827247,"Astrocytes","WT"
"989","Gja1",2.42508037081386,"Astrocytes","WT"
"990","Psap",2.2591935408221,"Astrocytes","WT"
"991","Gpm6a",2.28338248964237,"Astrocytes","WT"
"992","Cpe",2.5287587728082,"Astrocytes","WT"
"993","Gnao1",2.60632240739921,"Astrocytes","WT"
"994","Mt3",2.53635027243684,"Astrocytes","WT"
"995","Mt1",2.39051391656853,"Astrocytes","WT"
"996","Glud1",2.37201324769342,"Astrocytes","WT"
"997","Ndrg2",1.95420306623751,"Astrocytes","WT"
"998","Clu",3.25839911329776,"Astrocytes","WT"
"999","Itm2b",2.15609469505878,"Astrocytes","WT"
"1000","Ntm",2.36384943102917,"Astrocytes","WT"
"1001","Ncam1",2.00558812051285,"Astrocytes","WT"
"1002","Myo6",1.95799769324451,"Astrocytes","WT"
"1003","Cspg5",2.76330435594643,"Astrocytes","WT"
"1004","Atp1b2",2.46877338609883,"Astrocytes","WT"
"1005","Msi2",2.297783913686,"Astrocytes","WT"
"1006","Ddx5",2.27953895996187,"Astrocytes","WT"
"1007","Ntrk2",2.31388239592467,"Astrocytes","WT"
"1008","Ntsr2",3.10111245851169,"Astrocytes","WT"
"1009","Nrcam",2.13919318958796,"Astrocytes","WT"
"1010","Ckb",2.56862749266743,"Astrocytes","WT"
"1011","Slc1a3",3.95144795392981,"Astrocytes","WT"
"1012","Ctnnd2",2.14454005829444,"Astrocytes","WT"
"1013","Grina",2.11973020226207,"Astrocytes","WT"
"1014","Lsamp",2.80883162958104,"Astrocytes","WT"
"1015","Zbtb20",2.75428807005919,"Astrocytes","WT"
"1016","Cadm2",2.41183391479155,"Astrocytes","WT"
"1017","Son",3.13411554926751,"Astrocytes","WT"
"1018","Srrm2",2.09579297041218,"Astrocytes","WT"
"1019","Gm26917",2.58344702580205,"Astrocytes","WT"
"1020","Gm42418",3.40540539512641,"Astrocytes","WT"
"1021","Pla2g7",2.15015340682113,"Astrocytes","WT"
"1022","Nrxn1",2.97705452997444,"Astrocytes","WT"
"1023","Dtna",2.52726015884417,"Astrocytes","WT"
"1024","Tcf4",2.51144286634121,"Astrocytes","WT"
"1025","Malat1",6.67135797620739,"Astrocytes","WT"
"1026","Rorb",1.92781220451805,"Astrocytes","WT"
"1027","Scd2",2.16890587808216,"Astrocytes","WT"
"1028","Adgrb3",1.83840036608833,"Medium.spiny.neurons","WT"
"1029","Sf3b1",1.9706174362096,"Medium.spiny.neurons","WT"
"1030","Adam23",1.76752826565687,"Medium.spiny.neurons","WT"
"1031","Map2",2.22030914816894,"Medium.spiny.neurons","WT"
"1032","R3hdm1",2.26494000800778,"Medium.spiny.neurons","WT"
"1033","Atp1b1",2.55593765301536,"Medium.spiny.neurons","WT"
"1034","Hnrnpu",1.90899054294141,"Medium.spiny.neurons","WT"
"1035","Celf2",3.39995589064084,"Medium.spiny.neurons","WT"
"1036","Cacnb2",2.29254095852153,"Medium.spiny.neurons","WT"
"1037","Nebl",1.96920265848451,"Medium.spiny.neurons","WT"
"1038","Gpr158",1.76413159066654,"Medium.spiny.neurons","WT"
"1039","Grin1",2.1437429008661,"Medium.spiny.neurons","WT"
"1040","Lrp1b",2.31256105638357,"Medium.spiny.neurons","WT"
"1041","Chn1",2.14113153816712,"Medium.spiny.neurons","WT"
"1042","Ryr3",1.81032440481601,"Medium.spiny.neurons","WT"
"1043","Meis2",2.3443544799854,"Medium.spiny.neurons","WT"
"1044","Plcb1",2.45915173547922,"Medium.spiny.neurons","WT"
"1045","Snap25",2.18067639648416,"Medium.spiny.neurons","WT"
"1046","Pcsk2",1.7752065426768,"Medium.spiny.neurons","WT"
"1047","Rbm39",2.59685101110061,"Medium.spiny.neurons","WT"
"1048","Snhg11",4.54114446835851,"Medium.spiny.neurons","WT"
"1049","C230004F18Rik",2.29802022129253,"Medium.spiny.neurons","WT"
"1050","Ogt",2.15688270593094,"Medium.spiny.neurons","WT"
"1051","Gpm6b",2.28580412843253,"Medium.spiny.neurons","WT"
"1052","Tnik",2.00672467710369,"Medium.spiny.neurons","WT"
"1053","Ttc14",2.09553615121094,"Medium.spiny.neurons","WT"
"1054","Dclk1",2.44349800621858,"Medium.spiny.neurons","WT"
"1055","Gria2",3.32741869392447,"Medium.spiny.neurons","WT"
"1056","Gpr88",1.83462350629189,"Medium.spiny.neurons","WT"
"1057","Ank2",2.22191956042854,"Medium.spiny.neurons","WT"
"1058","Ppp3ca",2.51293463280701,"Medium.spiny.neurons","WT"
"1059","Fubp1",1.80794865549833,"Medium.spiny.neurons","WT"
"1060","Negr1",1.76930028568843,"Medium.spiny.neurons","WT"
"1061","Zranb2",1.85530532163959,"Medium.spiny.neurons","WT"
"1062","Srsf11",2.37766403370811,"Medium.spiny.neurons","WT"
"1063","Lrrc7",2.64598385397179,"Medium.spiny.neurons","WT"
"1064","Pnisr",2.3199781656823,"Medium.spiny.neurons","WT"
"1065","Ptprd",2.25897217575133,"Medium.spiny.neurons","WT"
"1066","Psip1",1.74037545812489,"Medium.spiny.neurons","WT"
"1067","Atp6v0b",2.44184548882664,"Medium.spiny.neurons","WT"
"1068","Macf1",1.91552585970352,"Medium.spiny.neurons","WT"
"1069","Sfpq",2.04336168996747,"Medium.spiny.neurons","WT"
"1070","Rsrp1",2.31776014974322,"Medium.spiny.neurons","WT"
"1071","Ablim2",1.90226881684751,"Medium.spiny.neurons","WT"
"1072","Kcnip4",1.81539307157405,"Medium.spiny.neurons","WT"
"1073","Gabra4",1.77377574695687,"Medium.spiny.neurons","WT"
"1074","Atp2a2",1.77250233305908,"Medium.spiny.neurons","WT"
"1075","Auts2",1.87039024315031,"Medium.spiny.neurons","WT"
"1076","Ppp1r9a",1.73972323726037,"Medium.spiny.neurons","WT"
"1077","Cttnbp2",2.2985811907019,"Medium.spiny.neurons","WT"
"1078","Luc7l2",2.49382324058895,"Medium.spiny.neurons","WT"
"1079","Tra2a",1.86281534296215,"Medium.spiny.neurons","WT"
"1080","Tia1",1.73999843800542,"Medium.spiny.neurons","WT"
"1081","Slc6a6",1.75616240863521,"Medium.spiny.neurons","WT"
"1082","Foxp1",1.99218432869292,"Medium.spiny.neurons","WT"
"1083","Itpr1",1.95394838347443,"Medium.spiny.neurons","WT"
"1084","Grm7",1.79683724034618,"Medium.spiny.neurons","WT"
"1085","Atp2b2",2.0836578934283,"Medium.spiny.neurons","WT"
"1086","Grin2b",2.54038351465722,"Medium.spiny.neurons","WT"
"1087","Etnk1",1.74858424710519,"Medium.spiny.neurons","WT"
"1088","Atp1a3",2.3591683482948,"Medium.spiny.neurons","WT"
"1089","Aplp1",1.88942181606231,"Medium.spiny.neurons","WT"
"1090","Gpi1",1.88126065477591,"Medium.spiny.neurons","WT"
"1091","Snrnp70",2.46611214555503,"Medium.spiny.neurons","WT"
"1092","Ptpn5",2.06815017423394,"Medium.spiny.neurons","WT"
"1093","Gabrb3",1.86487021863154,"Medium.spiny.neurons","WT"
"1094","Grm5",2.66579810006581,"Medium.spiny.neurons","WT"
"1095","Dlg2",2.42542748171514,"Medium.spiny.neurons","WT"
"1096","Gm45159",1.89276411881065,"Medium.spiny.neurons","WT"
"1097","Prkcb",1.88290335550631,"Medium.spiny.neurons","WT"
"1098","Fus",2.50852620351834,"Medium.spiny.neurons","WT"
"1099","Kcnq1ot1",2.28198197753756,"Medium.spiny.neurons","WT"
"1100","Syne1",2.33348930605666,"Medium.spiny.neurons","WT"
"1101","Pde7b",1.947428654207,"Medium.spiny.neurons","WT"
"1102","Ahi1",2.40124153046695,"Medium.spiny.neurons","WT"
"1103","Grik2",1.76880124381526,"Medium.spiny.neurons","WT"
"1104","Psap",1.78377217076439,"Medium.spiny.neurons","WT"
"1105","Ank3",2.34911123982017,"Medium.spiny.neurons","WT"
"1106","Matk",1.82774991622779,"Medium.spiny.neurons","WT"
"1107","Anks1b",2.59278300817732,"Medium.spiny.neurons","WT"
"1108","Atp2b1",3.3665725315486,"Medium.spiny.neurons","WT"
"1109","Syt1",2.98664989422213,"Medium.spiny.neurons","WT"
"1110","Osbpl8",1.93058115836832,"Medium.spiny.neurons","WT"
"1111","Dlgap2",1.9882768024412,"Medium.spiny.neurons","WT"
"1112","Csmd1",2.31319587720827,"Medium.spiny.neurons","WT"
"1113","Sorbs2",2.22541843989655,"Medium.spiny.neurons","WT"
"1114","Gpm6a",1.79650589606692,"Medium.spiny.neurons","WT"
"1115","Spock3",1.93881235148266,"Medium.spiny.neurons","WT"
"1116","Cx3cl1",1.97424876720385,"Medium.spiny.neurons","WT"
"1117","Ndrg4",2.53800040868901,"Medium.spiny.neurons","WT"
"1118","Erc2",1.88651045972863,"Medium.spiny.neurons","WT"
"1119","Cacna2d3",2.60870509304993,"Medium.spiny.neurons","WT"
"1120","Slc22a17",2.12640877572853,"Medium.spiny.neurons","WT"
"1121","Mir124a-1hg",2.10322430410421,"Medium.spiny.neurons","WT"
"1122","Mycbp2",2.02134963205975,"Medium.spiny.neurons","WT"
"1123","Mbnl2",2.13934913234495,"Medium.spiny.neurons","WT"
"1124","Cntn5",1.76198251947625,"Medium.spiny.neurons","WT"
"1125","Opcml",1.81709410614542,"Medium.spiny.neurons","WT"
"1126","Elmod1",2.43331757408528,"Medium.spiny.neurons","WT"
"1127","Nptn",2.09857655844065,"Medium.spiny.neurons","WT"
"1128","Dock3",1.82536360451708,"Medium.spiny.neurons","WT"
"1129","Camkv",2.12586677285832,"Medium.spiny.neurons","WT"
"1130","Trank1",2.19758570912181,"Medium.spiny.neurons","WT"
"1131","Arpp21",2.90342908657,"Medium.spiny.neurons","WT"
"1132","9530059O14Rik",2.60470527582164,"Medium.spiny.neurons","WT"
"1133","Camk2b",2.22316495571871,"Medium.spiny.neurons","WT"
"1134","Sptbn1",2.05013989747893,"Medium.spiny.neurons","WT"
"1135","Slit3",1.89934531769476,"Medium.spiny.neurons","WT"
"1136","Gria1",1.81858964899356,"Medium.spiny.neurons","WT"
"1137","Atp6v0a1",1.9705891932286,"Medium.spiny.neurons","WT"
"1138","Gpatch8",1.75601874591767,"Medium.spiny.neurons","WT"
"1139","Tanc2",1.83243264004332,"Medium.spiny.neurons","WT"
"1140","Ddx5",2.32323134675377,"Medium.spiny.neurons","WT"
"1141","Rgs9",2.45633820096225,"Medium.spiny.neurons","WT"
"1142","Baiap2",2.53272894161495,"Medium.spiny.neurons","WT"
"1143","Phactr1",3.64723919465432,"Medium.spiny.neurons","WT"
"1144","Map1b",1.97480060785852,"Medium.spiny.neurons","WT"
"1145","Myt1l",2.36798140931743,"Medium.spiny.neurons","WT"
"1146","Dgkb",2.30483441801867,"Medium.spiny.neurons","WT"
"1147","Rtn1",2.54274425038624,"Medium.spiny.neurons","WT"
"1148","Nrxn3",2.37664135513012,"Medium.spiny.neurons","WT"
"1149","Meg3",5.03767876400053,"Medium.spiny.neurons","WT"
"1150","Ckb",2.25835078605633,"Medium.spiny.neurons","WT"
"1151","Csmd3",2.03834875554695,"Medium.spiny.neurons","WT"
"1152","Tef",1.92082877691575,"Medium.spiny.neurons","WT"
"1153","Rbfox1",2.31340420379892,"Medium.spiny.neurons","WT"
"1154","Grin2a",1.84134511358672,"Medium.spiny.neurons","WT"
"1155","Tmem191c",1.7922113000986,"Medium.spiny.neurons","WT"
"1156","Abcc5",1.77103575850924,"Medium.spiny.neurons","WT"
"1157","Kalrn",1.96465691137167,"Medium.spiny.neurons","WT"
"1158","Adcy5",1.98297539045165,"Medium.spiny.neurons","WT"
"1159","Alcam",1.95797845790848,"Medium.spiny.neurons","WT"
"1160","Cadm2",2.72827882949254,"Medium.spiny.neurons","WT"
"1161","App",2.49152188050629,"Medium.spiny.neurons","WT"
"1162","Son",2.23862876110975,"Medium.spiny.neurons","WT"
"1163","Ttc3",2.61643379367292,"Medium.spiny.neurons","WT"
"1164","Pde10a",3.76763365725052,"Medium.spiny.neurons","WT"
"1165","Srrm2",2.26789462937623,"Medium.spiny.neurons","WT"
"1166","Gm26917",2.70764984697947,"Medium.spiny.neurons","WT"
"1167","Gm42418",2.9706239560585,"Medium.spiny.neurons","WT"
"1168","Srsf7",2.12606756011388,"Medium.spiny.neurons","WT"
"1169","Camk4",1.89914226688506,"Medium.spiny.neurons","WT"
"1170","Camk2a",2.06489195924389,"Medium.spiny.neurons","WT"
"1171","Malat1",6.58175616140404,"Medium.spiny.neurons","WT"
"1172","Zfp950",1.75440542019809,"Medium.spiny.neurons","WT"
"1173","AC149090.1",2.73450279772894,"Medium.spiny.neurons","WT"
"1174","Tmeff2",2.82561116709261,"Oligodendrocytes","WT"
"1175","Dock10",1.86015826901876,"Oligodendrocytes","WT"
"1176","Cntn2",1.77964198987588,"Oligodendrocytes","WT"
"1177","Glul",1.87265001879308,"Oligodendrocytes","WT"
"1178","Dnm3",1.88640666947284,"Oligodendrocytes","WT"
"1179","Ptgds",3.79247863776091,"Oligodendrocytes","WT"
"1180","Fnbp1",1.95047196973935,"Oligodendrocytes","WT"
"1181","Lrp1b",2.55432123928174,"Oligodendrocytes","WT"
"1182","Zeb2",2.00425969517488,"Oligodendrocytes","WT"
"1183","Gatm",2.84906245473327,"Oligodendrocytes","WT"
"1184","Mal",3.06560928301797,"Oligodendrocytes","WT"
"1185","Rbm39",1.9207796760748,"Oligodendrocytes","WT"
"1186","Dbndd2",1.75623164458728,"Oligodendrocytes","WT"
"1187","Plp1",5.2429190249522,"Oligodendrocytes","WT"
"1188","Gpm6b",2.93811762220415,"Oligodendrocytes","WT"
"1189","Car2",2.65799049893732,"Oligodendrocytes","WT"
"1190","Cldn11",3.12842217251097,"Oligodendrocytes","WT"
"1191","Pex5l",2.95915275366929,"Oligodendrocytes","WT"
"1192","Rnf13",1.79130604420965,"Oligodendrocytes","WT"
"1193","Hapln2",1.85005427871662,"Oligodendrocytes","WT"
"1194","Syt11",2.00272817858444,"Oligodendrocytes","WT"
"1195","Ugt8a",1.88768308245552,"Oligodendrocytes","WT"
"1196","Ank2",2.99341159313073,"Oligodendrocytes","WT"
"1197","Ttll7",1.97446058628493,"Oligodendrocytes","WT"
"1198","Pnisr",1.85154892884616,"Oligodendrocytes","WT"
"1199","Ptprd",3.37209686952584,"Oligodendrocytes","WT"
"1200","Slc24a2",2.5748726727953,"Oligodendrocytes","WT"
"1201","Pde4b",3.04088968092092,"Oligodendrocytes","WT"
"1202","Atp6v0b",1.80713144951888,"Oligodendrocytes","WT"
"1203","Rsrp1",2.85389347198297,"Oligodendrocytes","WT"
"1204","Kif1b",1.88735945843476,"Oligodendrocytes","WT"
"1205","Magi2",1.96276656543582,"Oligodendrocytes","WT"
"1206","Atp8a1",1.85302285645945,"Oligodendrocytes","WT"
"1207","Gjc3",2.72679143666668,"Oligodendrocytes","WT"
"1208","Actb",1.8583001433506,"Oligodendrocytes","WT"
"1209","Luc7l2",2.43496769957955,"Oligodendrocytes","WT"
"1210","Mat2a",1.86255983081285,"Oligodendrocytes","WT"
"1211","Apoe",1.81941386373414,"Oligodendrocytes","WT"
"1212","Aplp1",3.48163392212584,"Oligodendrocytes","WT"
"1213","Mag",3.1066642547577,"Oligodendrocytes","WT"
"1214","Snrnp70",1.93271628209487,"Oligodendrocytes","WT"
"1215","Kctd13",2.007126593987,"Oligodendrocytes","WT"
"1216","Fus",1.81547500828354,"Oligodendrocytes","WT"
"1217","C030029H02Rik",1.80252993731156,"Oligodendrocytes","WT"
"1218","Cd81",2.00884438149708,"Oligodendrocytes","WT"
"1219","Map7",2.47222972750282,"Oligodendrocytes","WT"
"1220","Nkain2",1.87407351229028,"Oligodendrocytes","WT"
"1221","Ank3",1.84769020147689,"Oligodendrocytes","WT"
"1222","Syt1",1.80917732350406,"Oligodendrocytes","WT"
"1223","Lamp1",1.78207110769048,"Oligodendrocytes","WT"
"1224","Gnao1",1.7580686085466,"Oligodendrocytes","WT"
"1225","Fa2h",1.79090748108755,"Oligodendrocytes","WT"
"1226","Zdhhc20",1.8412990449041,"Oligodendrocytes","WT"
"1227","Kif13b",1.76797915181199,"Oligodendrocytes","WT"
"1228","Itm2b",1.95578811063915,"Oligodendrocytes","WT"
"1229","Pcdh9",2.69517891738838,"Oligodendrocytes","WT"
"1230","Mbnl2",1.94485079330681,"Oligodendrocytes","WT"
"1231","Sept7",2.66561948933316,"Oligodendrocytes","WT"
"1232","Ncam1",1.95295266683614,"Oligodendrocytes","WT"
"1233","Tmod2",1.81541118729823,"Oligodendrocytes","WT"
"1234","Clasp2",1.96688389120076,"Oligodendrocytes","WT"
"1235","Mobp",1.90142272238335,"Oligodendrocytes","WT"
"1236","Rtn4",2.7864437005816,"Oligodendrocytes","WT"
"1237","Aspa",2.5698516772851,"Oligodendrocytes","WT"
"1238","Sept4",2.63907892697108,"Oligodendrocytes","WT"
"1239","Mapt",3.02643855890253,"Oligodendrocytes","WT"
"1240","Aatk",1.86379480790892,"Oligodendrocytes","WT"
"1241","Edil3",3.18348483097064,"Oligodendrocytes","WT"
"1242","Mast4",2.80856420747179,"Oligodendrocytes","WT"
"1243","Meg3",1.7828780969047,"Oligodendrocytes","WT"
"1244","Enpp2",3.21398829315745,"Oligodendrocytes","WT"
"1245","Kif21a",1.77824355074978,"Oligodendrocytes","WT"
"1246","Slc38a2",1.75610231737408,"Oligodendrocytes","WT"
"1247","Litaf",1.76655463705305,"Oligodendrocytes","WT"
"1248","Apod",2.90837647050676,"Oligodendrocytes","WT"
"1249","App",3.3486128501628,"Oligodendrocytes","WT"
"1250","Son",1.91363937974651,"Oligodendrocytes","WT"
"1251","Qk",1.96492171066839,"Oligodendrocytes","WT"
"1252","Mog",2.92254052877847,"Oligodendrocytes","WT"
"1253","Gm26917",1.80104823901182,"Oligodendrocytes","WT"
"1254","Gm42418",3.56303083700573,"Oligodendrocytes","WT"
"1255","Tubb4a",2.85923819284446,"Oligodendrocytes","WT"
"1256","Mbp",4.3353266878131,"Oligodendrocytes","WT"
"1257","Malat1",6.49624633780955,"Oligodendrocytes","WT"
"1258","Neat1",3.45260401399291,"Oligodendrocytes","WT"
"1259","Fth1",2.52193839065902,"Oligodendrocytes","WT"
"1260","Cdc37l1",2.90639894961579,"Oligodendrocytes","WT"
"1261","Scd2",3.19864503424134,"Oligodendrocytes","WT"
"1262","Atp1b1",2.29668022358873,"Endothelial.cells","WT"
"1263","Atp1a2",2.83034546779508,"Endothelial.cells","WT"
"1264","Ptgds",3.49339098615093,"Endothelial.cells","WT"
"1265","Cst3",1.83698422602538,"Endothelial.cells","WT"
"1266","Rbm39",2.61611624848024,"Endothelial.cells","WT"
"1267","Snhg11",2.5678145956764,"Endothelial.cells","WT"
"1268","Ank2",1.88107913198716,"Endothelial.cells","WT"
"1269","Rsrp1",1.80003668902245,"Endothelial.cells","WT"
"1270","Sparcl1",1.75372706491763,"Endothelial.cells","WT"
"1271","Actb",1.84050950149462,"Endothelial.cells","WT"
"1272","Ptn",2.00323359204023,"Endothelial.cells","WT"
"1273","Luc7l2",1.84479242128457,"Endothelial.cells","WT"
"1274","Apoe",1.93206647858189,"Endothelial.cells","WT"
"1275","Fus",2.29097142122304,"Endothelial.cells","WT"
"1276","Syt1",1.7657485411083,"Endothelial.cells","WT"
"1277","Itm2b",2.57147846344179,"Endothelial.cells","WT"
"1278","Sptbn1",2.11578777076658,"Endothelial.cells","WT"
"1279","Ddx5",2.37694109831592,"Endothelial.cells","WT"
"1280","Laptm4a",1.85993089491194,"Endothelial.cells","WT"
"1281","Meg3",1.82998843072105,"Endothelial.cells","WT"
"1282","Slc38a2",2.16180016349868,"Endothelial.cells","WT"
"1283","Apod",1.8779123581863,"Endothelial.cells","WT"
"1284","Zbtb20",1.82823706419173,"Endothelial.cells","WT"
"1285","App",2.35411795789942,"Endothelial.cells","WT"
"1286","Son",2.57281198760953,"Endothelial.cells","WT"
"1287","Gm42418",3.68259616104902,"Endothelial.cells","WT"
"1288","Malat1",6.30739346052441,"Endothelial.cells","WT"
"1289","mt-Co1",2.01304058573086,"Endothelial.cells","WT"
"1290","mt-Co2",1.76321822521408,"Endothelial.cells","WT"
"1291","mt-Atp8",1.74494785190874,"Endothelial.cells","WT"
"1292","mt-Co3",1.94056905610034,"Endothelial.cells","WT"
"1293","mt-Nd4l",1.77548758145146,"Endothelial.cells","WT"
"1294","mt-Cytb",1.91211477470929,"Endothelial.cells","WT"
"1295","Map2",2.1295743558583,"OPCs","WT"
"1296","Serpine2",3.08261102491599,"OPCs","WT"
"1297","Gpr37l1",2.27548198286505,"OPCs","WT"
"1298","Tnr",3.11450600253524,"OPCs","WT"
"1299","Atp1a2",2.44806196442035,"OPCs","WT"
"1300","Lrp1b",2.65652959534014,"OPCs","WT"
"1301","Rbm39",2.53942132452787,"OPCs","WT"
"1302","Snhg11",2.07874313049819,"OPCs","WT"
"1303","Matn4",2.32551689819695,"OPCs","WT"
"1304","Pcsk1n",2.23816859766474,"OPCs","WT"
"1305","Gpm6b",2.5365856421552,"OPCs","WT"
"1306","Gria2",2.98997515109341,"OPCs","WT"
"1307","Bcan",2.93895172985989,"OPCs","WT"
"1308","Gm3764",2.23758918031797,"OPCs","WT"
"1309","Syt11",2.30714499419904,"OPCs","WT"
"1310","Pnisr",2.28854759877696,"OPCs","WT"
"1311","Atp6v0b",2.36487318393972,"OPCs","WT"
"1312","Rsrp1",2.1886495359846,"OPCs","WT"
"1313","Lhfpl3",3.15121205550556,"OPCs","WT"
"1314","Pdgfra",3.1900712438623,"OPCs","WT"
"1315","Sparcl1",2.7693460911606,"OPCs","WT"
"1316","Gjc3",2.65429936931858,"OPCs","WT"
"1317","Ptprz1",4.00666583966694,"OPCs","WT"
"1318","Ptn",2.52936275390611,"OPCs","WT"
"1319","Luc7l2",2.10554544282689,"OPCs","WT"
"1320","Tra2a",2.25302370428996,"OPCs","WT"
"1321","Hnrnpa2b1",2.21178528290818,"OPCs","WT"
"1322","Apoe",3.04019236122544,"OPCs","WT"
"1323","Snrnp70",2.52577619993384,"OPCs","WT"
"1324","Luzp2",2.47336744251279,"OPCs","WT"
"1325","Fchsd2",2.08246154117211,"OPCs","WT"
"1326","Xylt1",2.21022034729612,"OPCs","WT"
"1327","Fus",2.18369421023915,"OPCs","WT"
"1328","Cd81",2.88358739292011,"OPCs","WT"
"1329","Rev3l",2.00490809839857,"OPCs","WT"
"1330","Slc35f1",1.96051369709334,"OPCs","WT"
"1331","Psap",2.30402753603156,"OPCs","WT"
"1332","Pcdh15",2.60678617927498,"OPCs","WT"
"1333","Anks1b",2.56637908537369,"OPCs","WT"
"1334","Lrp1",2.06176939936071,"OPCs","WT"
"1335","Csmd1",2.33079278936763,"OPCs","WT"
"1336","Gpm6a",2.21485319015096,"OPCs","WT"
"1337","Ankrd11",2.21256695589104,"OPCs","WT"
"1338","Slc22a17",2.55055174705681,"OPCs","WT"
"1339","Itm2b",2.42975477923908,"OPCs","WT"
"1340","Pcdh9",2.08872046832419,"OPCs","WT"
"1341","Opcml",2.95373418204251,"OPCs","WT"
"1342","Ncam1",2.51894289688724,"OPCs","WT"
"1343","Cspg4",2.37879828464221,"OPCs","WT"
"1344","Cspg5",3.26388848370703,"OPCs","WT"
"1345","Epn2",2.47393317598705,"OPCs","WT"
"1346","Ddx5",2.07574397586016,"OPCs","WT"
"1347","Vcan",2.67636029501295,"OPCs","WT"
"1348","Rtn1",2.36301703882082,"OPCs","WT"
"1349","Meg3",2.81870117705,"OPCs","WT"
"1350","Ckb",2.20424895037441,"OPCs","WT"
"1351","Csmd3",2.22986923383697,"OPCs","WT"
"1352","Sox10",2.31222447659552,"OPCs","WT"
"1353","Cntn1",2.36351867886737,"OPCs","WT"
"1354","Arhgap31",2.12550268083165,"OPCs","WT"
"1355","Lsamp",2.67493098004364,"OPCs","WT"
"1356","Zbtb20",2.06102243562795,"OPCs","WT"
"1357","Cadm2",2.33553341051975,"OPCs","WT"
"1358","App",2.10184855992244,"OPCs","WT"
"1359","Olig1",2.21649605337053,"OPCs","WT"
"1360","Son",2.46650770716982,"OPCs","WT"
"1361","Ttc3",2.04211896157543,"OPCs","WT"
"1362","Srrm2",2.20791757853609,"OPCs","WT"
"1363","Gm26917",2.5800737916913,"OPCs","WT"
"1364","Gm42418",3.36773804856276,"OPCs","WT"
"1365","Dlgap1",2.34404043660909,"OPCs","WT"
"1366","Nrxn1",2.74074080674727,"OPCs","WT"
"1367","Tcf4",2.27784623695838,"OPCs","WT"
"1368","Malat1",6.19085822017502,"OPCs","WT"
"1369","Rtn3",1.76899894179306,"OPCs","WT"
"1370","Scd2",2.0299783057689,"OPCs","WT"
"1371","Sf3b1",1.75588198055087,"Microglia","WT"
"1372","Dock10",1.7603085226799,"Microglia","WT"
"1373","Inpp5d",1.98586799241964,"Microglia","WT"
"1374","Srgap2",2.79517023073711,"Microglia","WT"
"1375","Ivns1abp",1.93690039836888,"Microglia","WT"
"1376","Frmd4a",1.90335420628535,"Microglia","WT"
"1377","Celf2",1.77911003474385,"Microglia","WT"
"1378","Plxdc2",2.48342756425003,"Microglia","WT"
"1379","Apbb1ip",1.89894801025694,"Microglia","WT"
"1380","Phyhd1",1.80337811251596,"Microglia","WT"
"1381","Zeb2",1.82417625145775,"Microglia","WT"
"1382","Rrbp1",1.76797483543893,"Microglia","WT"
"1383","Cst3",4.0524318368535,"Microglia","WT"
"1384","Rbm39",2.73640594411225,"Microglia","WT"
"1385","Sat1",1.81262027982382,"Microglia","WT"
"1386","Pag1",2.78726030359428,"Microglia","WT"
"1387","P2ry12",2.93130582108922,"Microglia","WT"
"1388","Mbnl1",2.50203962452146,"Microglia","WT"
"1389","Fcrls",1.87201428759263,"Microglia","WT"
"1390","Ctss",1.92356271277157,"Microglia","WT"
"1391","Tgfbr1",2.57867126192505,"Microglia","WT"
"1392","Atp6v0b",2.83435979254042,"Microglia","WT"
"1393","Macf1",1.80846788502114,"Microglia","WT"
"1394","Laptm5",1.95937731329257,"Microglia","WT"
"1395","Rsrp1",3.09716365336655,"Microglia","WT"
"1396","C1qb",2.02011370841045,"Microglia","WT"
"1397","C1qc",2.9256843634258,"Microglia","WT"
"1398","C1qa",2.60155479343568,"Microglia","WT"
"1399","Selplg",2.03303572747574,"Microglia","WT"
"1400","Luc7l2",1.9367898884344,"Microglia","WT"
"1401","Hnrnpa2b1",1.84710769526392,"Microglia","WT"
"1402","Hpgds",1.88417689348038,"Microglia","WT"
"1403","Lair1",1.86868496621338,"Microglia","WT"
"1404","Cd37",1.87133762985632,"Microglia","WT"
"1405","Snrnp70",1.87834457500634,"Microglia","WT"
"1406","Nav2",1.83498517389462,"Microglia","WT"
"1407","Siglech",1.93847278824001,"Microglia","WT"
"1408","Mef2a",2.92498747788631,"Microglia","WT"
"1409","Fus",2.5273934529414,"Microglia","WT"
"1410","Ctsd",1.9053120373948,"Microglia","WT"
"1411","Cd81",1.80696175712658,"Microglia","WT"
"1412","Epb41l2",1.92698814941385,"Microglia","WT"
"1413","Psap",1.91017249953433,"Microglia","WT"
"1414","Arhgap45",1.97340998214551,"Microglia","WT"
"1415","Atp2b1",1.78768398734694,"Microglia","WT"
"1416","Syt1",1.846756041098,"Microglia","WT"
"1417","Gns",1.82560293101339,"Microglia","WT"
"1418","Chd9",1.81151233240282,"Microglia","WT"
"1419","Lpcat2",2.53963480248699,"Microglia","WT"
"1420","Zfhx3",1.85006414979208,"Microglia","WT"
"1421","Itm2b",2.74318037427269,"Microglia","WT"
"1422","Mycbp2",1.7394634127752,"Microglia","WT"
"1423","Cx3cr1",2.02650431358076,"Microglia","WT"
"1424","Ltc4s",1.8462753918702,"Microglia","WT"
"1425","Sparc",1.82497588486031,"Microglia","WT"
"1426","Ssh2",1.98921501282941,"Microglia","WT"
"1427","Tanc2",1.89553911241638,"Microglia","WT"
"1428","Ddx5",2.47878008321591,"Microglia","WT"
"1429","Elmo1",1.93467736380454,"Microglia","WT"
"1430","Ly86",1.92007893617724,"Microglia","WT"
"1431","Mef2c",2.78781785780691,"Microglia","WT"
"1432","Hexb",3.86755556565244,"Microglia","WT"
"1433","Dock4",1.8785645569603,"Microglia","WT"
"1434","Srsf5",1.75229355885288,"Microglia","WT"
"1435","Numb",1.94852686117148,"Microglia","WT"
"1436","Lgmn",2.05939139663876,"Microglia","WT"
"1437","Meg3",1.86832428852454,"Microglia","WT"
"1438","Fyb",1.80825045903913,"Microglia","WT"
"1439","Csmd3",1.87372834597931,"Microglia","WT"
"1440","Cyth4",1.92523570023527,"Microglia","WT"
"1441","Itgb5",1.84951090011293,"Microglia","WT"
"1442","Son",2.60175415417533,"Microglia","WT"
"1443","Srrm2",1.94069661017976,"Microglia","WT"
"1444","Gm26917",1.82863814905884,"Microglia","WT"
"1445","Gm42418",3.73615083543708,"Microglia","WT"
"1446","Srsf7",1.75873263157491,"Microglia","WT"
"1447","Csf1r",3.00441315096426,"Microglia","WT"
"1448","Unc93b1",2.64245545740767,"Microglia","WT"
"1449","Malat1",5.90853248873149,"Microglia","WT"
"1450","AC149090.1",2.53059795292447,"Microglia","WT"
